"","Year","Month","VesselType","LatBin","HakeWt","Pop","DKB","Widow"
"1",2008,5,"CP",42,18.12543,0,0.0094,0.07129
"2",2008,5,"CP",42.1,46.44688,0.00085,0.00182,0.34801
"3",2008,5,"CP",42.2,44.32486,0.00442,0.00367,0.12966
"4",2008,5,"CP",42.3,65.06911,0,0,0.85743
"5",2008,5,"CP",42.4,170.13519,0,0.0012,0.61588
"6",2008,5,"CP",42.5,855.89924,0.00353,0.01205,1.18086
"7",2008,5,"CP",42.6,642.57008,0.00208,0.10678,1.9193
"8",2008,5,"CP",42.7,301.77345,0.01264,0.12683,1.08576
"9",2008,5,"CP",42.8,175.92247,0.00274,0.01028,0.35481
"10",2008,5,"CP",42.9,12.60029,0.04583,0.05894,0.06679
"11",2008,5,"CP",43.1,97.53056,0.00114,0,0.08484
"12",2008,5,"CP",43.2,96.25353,0,0.002,0.23266
"13",2008,5,"CP",43.3,30.74669,0,0,0.03065
"14",2008,5,"CP",43.4,250.18191,0.00743,0.02104,0.4433
"15",2008,5,"CP",43.5,1118.16495,0.00501,0.11716,1.96122
"16",2008,5,"CP",43.6,42.89145,0,0,0.07771
"17",2008,5,"CP",43.7,4.9149,0,0.00096,0
"18",2008,5,"CP",44.8,1.46694,0,0,0.00369
"19",2008,5,"CP",45.1,0.15698,0,0,0.00099
"20",2008,5,"CP",45.4,8.09323,0,0,0.00568
"21",2008,5,"CP",45.9,4.87161,0,0,0.00159
"22",2008,5,"CP",46.4,0.44666,0.00096,0,0
"23",2008,5,"CP",46.5,0.58355,0,0,0
"24",2008,5,"CP",46.6,4.62625,0,0,0.2004
"25",2008,5,"CP",47.2,20.60885,0,0.00081,0.00531
"26",2008,5,"CP",47.3,91.27469,0,0.00095,0.12756
"27",2008,5,"CP",47.4,412.57524,0,0,0.36223
"28",2008,5,"CP",47.5,878.86888,0.22005,0.00533,0.29556
"29",2008,5,"CP",47.6,1598.86458,0.14653,0.00857,0.26749
"30",2008,5,"CP",47.7,5355.21095,0.81732,0.22998,1.32714
"31",2008,5,"CP",47.8,8352.06575,2.70726,0.22719,1.43689
"32",2008,5,"CP",47.9,4181.59131,0.41666,0.08513,2.9118
"33",2008,5,"CP",48,3162.9434,0.39707,0.0438,0.68606
"34",2008,5,"CP",48.1,317.74813,0.10548,0.00169,0.02699
"35",2008,5,"CP",48.2,12.27904,0.01072,0.00119,0.26823
"36",2008,5,"M",42,320.81233,0,0,0.51768
"37",2008,5,"M",42.1,474.20777,0.00091,0.01571,1.46524
"38",2008,5,"M",42.2,710.55106,0.0153,0.01167,2.8901
"39",2008,5,"M",42.3,435.08206,0,0.0036,0.5012
"40",2008,5,"M",42.4,1281.43472,0.00058,0,3.90367
"41",2008,5,"M",42.5,2132.5735633345,0.14202,0.1894550387,3.5854213687
"42",2008,5,"M",42.6,2294.50688,0.00912,0.14456,4.69668
"43",2008,5,"M",42.7,741.04858,0.01317,0.08903,0.88965
"44",2008,5,"M",42.8,158.29363,0,0.02806,0.24679
"45",2008,5,"M",42.9,548.03852,0,0.00172,0.31053
"46",2008,5,"M",43,378.37166,0,0.00796,0.44508
"47",2008,5,"M",43.1,810.21618,0.00614,0.04784,0.6398
"48",2008,5,"M",43.2,79.44234,0,0.00124,0.06709
"49",2008,5,"M",43.3,689.52987,0.00573,0.04682,0.97898
"50",2008,5,"M",43.4,644.64217,0,0.04673,0.67063
"51",2008,5,"M",43.5,1048.07507,0.00038,0.00441,1.23049
"52",2008,5,"M",43.6,1184.1194,0,0.01035,0.99007
"53",2008,5,"M",43.7,326.26715,0,0.00107,0.99163
"54",2008,5,"M",44,98.70932,0.00234,0,0.2227
"55",2008,5,"M",44.1,88.05367,0,0.01181,7.33878
"56",2008,5,"M",44.7,106.05817,0.00102,0,0.03436
"57",2008,5,"M",44.8,38.81898,0,0,0.01604
"58",2008,5,"M",45.2,10.70406,0,0.00154,0.03369
"59",2008,5,"M",45.3,57.80701,0,0,0.00408
"60",2008,5,"M",45.4,28.42631,0,0,0
"61",2008,5,"M",45.5,8.08084,0,0,0
"62",2008,5,"M",45.6,103.05835,0,0,0.00896
"63",2008,5,"M",45.7,15.39755,0,0,0.02604
"64",2008,5,"M",45.8,566.84042,0.12698,1.47639,0.71528
"65",2008,5,"M",45.9,186.3746,0.02196,0.09355,0.55458
"66",2008,5,"M",46.6,130.37132,0.00295,0.00106,2.84606
"67",2008,5,"M",46.7,138.96823,0.00874,0.02603,0.71951
"68",2008,5,"M",46.8,81.03842,0.00366,0.00139,0.01724
"69",2008,5,"M",46.9,30.57106,0,0.00097,0.00107
"70",2008,5,"M",47,69.91637,0.0051,0,0.01445
"71",2008,5,"M",47.1,29.38928,0.00264,0.00556,0.01974
"72",2008,5,"M",47.2,455.51625,0.03412,0.01862,0.10189
"73",2008,5,"M",47.3,275.2617774999,0.0264902654,0.0142289491,0.06895
"74",2008,5,"M",47.4,323.06817,0.01339,0.0102,1.73116
"75",2008,5,"M",47.5,1083.81428,0.22834,0.031,2.88213
"76",2008,5,"M",47.6,505.56722,0.04159,0.02305,0.46208
"77",2008,5,"M",47.7,441.71588,0.0322,0.01556,0.10679
"78",2008,5,"M",47.8,272.93959,0.22616,0.03044,0.13978
"79",2008,5,"M",47.9,124.25982,0.00474,0.00125,0.0313
"80",2008,6,"CP",43.1,7.24209,0,0,0
"81",2008,6,"CP",43.4,28.45211,0.00061,0.00338,0.03248
"82",2008,6,"CP",43.5,297.21928,0.00166,0.00235,0.40147
"83",2008,6,"CP",43.6,49.23447,0,0.0217,0.04739
"84",2008,6,"CP",44.9,0.06843,0,0,0.55657
"85",2008,6,"CP",45,4.96709,0,0,0.07092
"86",2008,6,"CP",45.2,25.24111,0,0.01552,0.03156
"87",2008,6,"CP",45.8,116.14944,0.00204,0,4.39493
"88",2008,6,"CP",46.7,110.45951,0,0,3.88431
"89",2008,6,"CP",46.8,6.9191,0,0,0.05431
"90",2008,6,"CP",47,154.75779,0,0,0.40534
"91",2008,6,"CP",47.1,131.59211,0.00118,0.00457,0.19943
"92",2008,6,"CP",47.2,378.98953,0.04874,0.00415,0.13015
"93",2008,6,"CP",47.3,1370.19869,0.88012,0.07451,0.97588
"94",2008,6,"CP",47.4,2226.39589,1.07398,0.12889,1.13348
"95",2008,6,"CP",47.5,698.23378,0.2162,0.24689,0.49513
"96",2008,6,"CP",47.6,655.13031,0.24436,0.13324,0.3955
"97",2008,6,"CP",47.7,603.37919,1.34541,0.34207,0.71107
"98",2008,6,"CP",47.8,2429.18205,0.05287,0.00336,6.54424
"99",2008,6,"CP",47.9,2235.55478,2.79602,0.18298,0.50751
"100",2008,6,"CP",48,1627.57651,0.02888,0.02866,0.77138
"101",2008,6,"M",42.3,12.2531,0,0,0.00433
"102",2008,6,"M",42.4,12.12771,0,0,0.02729
"103",2008,6,"M",42.7,19.24022,0,0,0
"104",2008,6,"M",42.9,64.94368,0,0,0.00274
"105",2008,6,"M",43,55.97203,0.00412,0,0.0424
"106",2008,6,"M",43.1,654.5434,0.7887,0.24106,0.3473
"107",2008,6,"M",43.2,198.25069,0.01475,0.10818,0.45278
"108",2008,6,"M",43.3,594.56951,0,0.15222,0.58387
"109",2008,6,"M",43.4,108.49442,0,0.00262,0.1635
"110",2008,6,"M",43.5,87.47556,0,0.00196,0.05789
"111",2008,6,"M",43.6,112.44668,0,0,0.52024
"112",2008,6,"M",43.7,230.8043,0,0.15916,0.16114
"113",2008,6,"M",43.8,115.11841,0,0.00948,0.06486
"114",2008,6,"M",44.8,11.9586,0,0,0
"115",2008,6,"M",45.3,9.90897,0,0,0
"116",2008,6,"M",45.4,134.40183,0,0,1.77827
"117",2008,6,"M",45.5,19.96379,0,0.00059,0.00849
"118",2008,6,"M",46.5,116.2026,0,0,0.00112
"119",2008,6,"M",46.6,129.80278,0,0,0
"120",2008,6,"M",46.7,552.14084,0.01117,0,0.81751
"121",2008,6,"M",46.8,670.04423,0,0,0.08936
"122",2008,6,"M",46.9,704.78693,0.0049,0,0.68586
"123",2008,6,"M",47,626.8182918478,0.04597,0,0.42225
"124",2008,6,"M",47.1,1035.47808,0.03119,0.00348,0.19462
"125",2008,6,"M",47.2,844.06816,0.00347,0.00168,0.07926
"126",2008,6,"M",47.3,1325.09598,0.28677,0.00137,0.41842
"127",2008,6,"M",47.4,604.30227,0.06224,0.00138,0.30802
"128",2008,6,"M",47.5,328.85403,0.00298,0,0.06156
"129",2008,6,"M",47.8,13.75276,0,0,0.00157
"130",2008,6,"M",47.9,50.77164,0.04148,0.00378,0.11751
"131",2008,6,"M",48,77.96181,0.0017,0,0.03742
"132",2008,7,"CP",42.4,138.32843,0,0,0.0296
"133",2008,7,"CP",47.4,45.02836,0.00144,0,0.01013
"134",2008,7,"CP",47.7,18.18611,0,0,0.00364
"135",2008,7,"M",41.9,181.56069,0,0,0.15636
"136",2008,7,"M",42,1910.66136,0,0.00848,2.21519
"137",2008,7,"M",42.1,1541.86003,0.00891,0.00518,1.33839
"138",2008,7,"M",42.2,189.95202,0,0.00245,0.04077
"139",2008,7,"M",42.4,47.62545,0,0,0
"140",2008,7,"M",42.5,35.47098,0,0,0
"141",2008,7,"M",43,218.82011,0,0,0.01738
"142",2008,7,"M",43.1,261.8966,0,0,0.02208
"143",2008,7,"M",43.2,230.73194,0,0,0.00573
"144",2008,7,"M",43.3,57.04684,0,0,0
"145",2008,7,"M",43.5,73.76471,0,0,0.13515
"146",2008,7,"M",43.6,375.2122,0,0,0.94682
"147",2008,7,"M",43.7,128.837,0,0,0.47459
"148",2008,7,"M",45,16.16485,0,0,0.001
"149",2008,7,"M",45.6,25.39784,0,0,0
"150",2008,7,"M",46.5,47.16416,0,0,0
"151",2008,7,"M",46.8,682.24906,0,0,0.04989
"152",2008,7,"M",46.9,851.15684,0,0,0.02437
"153",2008,7,"M",47.2,46.82127,0,0,0
"154",2008,7,"M",47.4,353.88516,0,0,0.01421
"155",2008,7,"M",47.5,197.76635,0,0,0.00366
"156",2008,8,"CP",42.1,260.81032,0,0,0.00425
"157",2008,8,"CP",42.2,2341.04771,0.00297,0,0.04851
"158",2008,8,"CP",42.3,2194.09402,0,0,0.01569
"159",2008,8,"CP",42.4,1716.65751,0,0,0.01674
"160",2008,8,"CP",42.5,190.24749,0,0.00099,0.00765
"161",2008,8,"CP",42.6,818.73062,0.01867,0.08735,0.03482
"162",2008,8,"CP",43.7,0,0,0,0
"163",2008,8,"CP",43.8,10.56888,0,0,0.00284
"164",2008,8,"M",41.9,234.12253,0,0,0.01154
"165",2008,8,"M",42,1787.6861,0,0,0.10692
"166",2008,8,"M",42.1,2251.87596,0,0,0.01519
"167",2008,8,"M",42.2,960.47918,0,0,0
"168",2008,10,"CP",44.3,119.9547,0,0,0
"169",2008,10,"CP",44.4,661.04046,0,0,0
"170",2008,10,"CP",44.5,412.51293,0,0,0
"171",2008,10,"CP",44.6,286.1425,0,0,0
"172",2008,10,"CP",44.7,115.03686,0,0,0
"173",2008,10,"CP",44.8,853.0674181267,0,0,0.00459
"174",2008,10,"CP",44.9,2792.37002,0.00296,0,0
"175",2008,10,"CP",45,1675.417354245,0,0,0
"176",2008,10,"CP",45.1,3366.2670239215,0,0,0
"177",2008,10,"CP",45.2,2311.6127371518,0,0,0
"178",2008,10,"CP",45.3,130.77226,0,0,0
"179",2008,10,"CP",45.4,15.7821,0,0,0
"180",2008,10,"CP",45.6,111.29672,0,0,0
"181",2008,10,"CP",45.7,749.14609,0,0,0
"182",2008,10,"CP",45.8,405.19913,0,0,0
"183",2008,10,"CP",45.9,1159.3713876421,0,0,0
"184",2008,10,"CP",46,870.7862506107,0,0,0
"185",2008,10,"CP",46.1,3701.2946402186,0.00116,0,0
"186",2008,10,"CP",46.2,595.630491912,0,0,0
"187",2008,10,"CP",46.3,96.16943,0,0,0
"188",2008,10,"M",44.5,55.91131,0,0,0
"189",2008,10,"M",44.6,135.32614,0.00157,0,0
"190",2008,10,"M",44.7,336.6792,0,0,0
"191",2008,10,"M",44.8,648.14617,0,0,0.00319
"192",2008,10,"M",44.9,164.12847,0,0,0
"193",2008,10,"M",45,35.49579,0,0,0
"194",2008,10,"M",45.1,471.06068,0,0,0
"195",2008,10,"M",45.2,636.04578,0,0,0
"196",2008,10,"M",45.3,80.30955,0,0,0
"197",2008,10,"M",45.4,27.31041,0,0,0
"198",2008,10,"M",45.5,164.2219,0,0,0
"199",2008,10,"M",45.6,556.0801,0,0,0
"200",2008,10,"M",45.7,338.40902,0,0,0
"201",2008,10,"M",45.9,211.65144,0,0,0
"202",2008,10,"M",46,564.65967,0,0,0
"203",2008,10,"M",46.1,1105.66002,0,0,0
"204",2008,10,"M",46.2,346.47349,0,0,0
"205",2008,10,"M",46.3,348.0833,0,0,0
"206",2008,10,"M",46.4,148.19212,0,0,0
"207",2008,10,"M",46.5,272.25529,0,0,0
"208",2008,10,"M",46.6,142.68315,0,0,0
"209",2008,11,"CP",43.1,162.50763,0,0,0
"210",2008,11,"CP",43.2,610.07716,0,0,0
"211",2008,11,"CP",43.3,522.00365,0,0,0
"212",2008,11,"CP",43.4,261.24556,0,0,0
"213",2008,11,"CP",43.5,37.04274,0,0,0
"214",2008,11,"CP",43.6,40.30571,0,0,0
"215",2008,11,"CP",44.3,47.27601,0,0,0
"216",2008,11,"CP",44.4,179.70366,0,0,0
"217",2008,11,"CP",44.5,1179.00573,0,0,0
"218",2008,11,"CP",44.6,1011.55529,0,0,0.0012
"219",2008,11,"CP",44.7,449.56725,0,0,0
"220",2008,11,"CP",44.8,310.8377,0,0,0
"221",2008,11,"CP",44.9,898.3214,0,0,0
"222",2008,11,"CP",45,1499.81738,0,0,0.00201
"223",2008,11,"CP",45.1,1313.4082,0,0,0
"224",2008,11,"CP",45.2,428.04721,0,0,0
"225",2008,11,"CP",45.3,853.53765,0,0,0
"226",2008,11,"CP",45.4,633.24548,0,0,0
"227",2008,11,"CP",45.5,1037.14544,0,0,0
"228",2008,11,"CP",45.6,699.63987,0,0,0
"229",2008,11,"CP",45.7,817.1144,0,0,0
"230",2008,11,"CP",45.8,805.04878,0,0,0
"231",2008,11,"CP",45.9,1287.57174,0.00121,0,0
"232",2008,11,"CP",46,576.04479,0,0,0
"233",2008,11,"CP",46.1,244.94783,0,0,0
"234",2008,11,"CP",46.4,207.73875,0,0,0
"235",2008,11,"CP",46.5,253.6909668442,0,0,0
"236",2008,11,"CP",46.6,1922.13194,0.04614,0,0.00571
"237",2008,11,"CP",46.7,854.97495,0.13429,0,0.0035
"238",2008,11,"CP",46.8,591.03275,0,0,0
"239",2008,11,"CP",46.9,21.04899,0,0,0.00899
"240",2008,11,"CP",47.1,272.39855,0,0,0
"241",2008,11,"CP",47.2,499.88473,0,0,0
"242",2008,11,"CP",47.3,211.52496,0,0,0
"243",2008,11,"CP",47.8,858.90754,0.01982,0,0.09166
"244",2008,11,"CP",47.9,1414.07404,0.04041,0,0.29148
"245",2008,11,"CP",48,585.44986,0.02102,0,0.03915
"246",2008,11,"M",44.8,55.544,0,0,0
"247",2008,11,"M",44.9,130.87449,0,0,0
"248",2008,11,"M",45.3,166.02418,0,0,0
"249",2008,11,"M",45.4,164.65725,0,0,0
"250",2008,11,"M",45.5,40.33579,0,0,0
"251",2008,11,"M",45.6,194.07123,0,0,0
"252",2008,11,"M",45.7,51.65624,0,0,0
"253",2008,11,"M",46.4,87.53694,0,0,0
"254",2008,11,"M",46.5,831.02043,0,0,0.00199
"255",2008,11,"M",46.6,1564.65756,0,0,0
"256",2008,11,"M",46.7,161.86257,0,0,0
"257",2008,11,"M",46.8,97.827,0,0,0
"258",2008,11,"M",46.9,231.68194,0,0,0.00946
"259",2008,12,"CP",42.9,8.91277,0,0,0
"260",2008,12,"CP",43,147.72892,0,0,0
"261",2008,12,"CP",43.1,109.92167,0,0,0
"262",2008,12,"CP",43.2,282.18243,0,0,0
"263",2008,12,"CP",43.3,33.08564,0,0,0
"264",2008,12,"CP",43.4,84.16441,0,0,0
"265",2008,12,"CP",43.8,43.37831,0,0,0
"266",2008,12,"CP",43.9,79.41497,0,0,0.5975
"267",2008,12,"CP",44,151.9840504931,0.0013,0,1.0388909582
"268",2008,12,"CP",44.1,54.78798,0,0,0.86721
"269",2008,12,"CP",44.2,309.6099,0,0,0.35275
"270",2008,12,"CP",44.3,334.73315,0.00088,0,0.12221
"271",2008,12,"CP",44.4,252.44696,0.0065,0,0.10534
"272",2008,12,"CP",44.5,576.23791,0.60864,0.00266,1.40226
"273",2008,12,"CP",44.9,11.04792,0,0,0.00121
"274",2008,12,"CP",45.7,271.24436,0.00157,0,0.04962
"275",2008,12,"CP",45.8,989.8417545509,0.01198,0.00526,1.6463993081
"276",2008,12,"CP",45.9,2233.87883,0.16468,0.01989,0.77186
"277",2008,12,"CP",46,2395.89436,0.02827,0.00134,0.44453
"278",2008,12,"CP",46.1,2523.63349,0.06577,0.00286,0.88353
"279",2008,12,"CP",46.2,2068.00959,0.02452,0,3.20932
"280",2008,12,"CP",46.3,375.81307,0.00095,0,0.02283
"281",2008,12,"CP",46.4,695.70042,0,0,0.9324
"282",2008,12,"CP",46.5,153.53382,0,0,0.01912
"283",2008,12,"CP",46.6,148.60851,0,0,0.01434
"284",2008,12,"CP",46.7,358.62386,0,0,0.01776
"285",2008,12,"CP",47.1,53.60293,0,0,0.00785
"286",2008,12,"CP",47.3,50.94432,0.009,0,0
"287",2008,12,"CP",47.4,39.61402,0.00281,0.00441,0.00876
"288",2008,12,"CP",47.7,47.02139,0,0.00207,0.00846
"289",2008,12,"CP",47.9,15.13376,0.00102,6e-04,0.00269
"290",2009,5,"CP",43.1,18.99077,0,0,0
"291",2009,5,"CP",43.2,39.74256,0.00534,0.01274,0
"292",2009,5,"CP",43.3,272.5529,0.00173,0.01882,0.23715
"293",2009,5,"CP",43.4,128.38383,0,0.05964,0.3364
"294",2009,5,"CP",43.5,15.05237,0,0,0.04078
"295",2009,5,"CP",43.6,10.1876,0,0.01392,0.00262
"296",2009,5,"CP",46.1,1.08836,0,0,0
"297",2009,5,"CP",46.5,28.631,0,0,0
"298",2009,5,"CP",46.6,14.8971,0,0,0
"299",2009,5,"CP",46.7,44.31302,0,0,0
"300",2009,5,"CP",47.1,151.87287,0,0,0.0036
"301",2009,5,"CP",47.2,172.35752,0,0,0
"302",2009,5,"CP",47.3,26.58858,0,0,0.00689
"303",2009,5,"CP",47.4,62.63338,0,0,0.00464
"304",2009,5,"CP",48,12.20071,0.00244,0,0.00218
"305",2009,5,"M",41.9,33.54036,0,0,0
"306",2009,5,"M",42,119.58261,0,0.00681,0.05869
"307",2009,5,"M",42.1,316.32386,0,0.00225,0.02007
"308",2009,5,"M",42.2,175.70732,0,0,0.01195
"309",2009,5,"M",42.4,200.48427,0,0,0.11671
"310",2009,5,"M",42.5,46.65378,0,0,0.01874
"311",2009,5,"M",43.2,82.46484,0,0,0.0303
"312",2009,5,"M",43.3,182.95917,0,0,0.05275
"313",2009,5,"M",43.6,302.61681,0,0,0.09974
"314",2009,5,"M",43.7,6.5684814549,0,0,0.001518545
"315",2009,5,"M",44.5,16.81823,0,0,0.00851
"316",2009,5,"M",44.8,24.58467,0,0,0.01523
"317",2009,5,"M",45.4,17.37527,0,0,0
"318",2009,5,"M",45.6,5.56342,0,0.00056,0.00928
"319",2009,5,"M",46,161.4231,0.17202,0.00861,0.02458
"320",2009,5,"M",46.1,16.39379,0.002,0,0.04934
"321",2009,5,"M",46.2,239.44815,0,0,1.40972
"322",2009,5,"M",46.3,839.0026,0,0,1.86664
"323",2009,5,"M",46.4,735.72216,0.00632,0.00089,3.92991
"324",2009,5,"M",46.5,770.76033,0.00748,0.00494,0.6744
"325",2009,5,"M",46.6,518.81515,0,0,2.9759
"326",2009,5,"M",46.7,490.42418,0.05137,0.00252,0.30383
"327",2009,5,"M",46.8,1096.00974,0.03716,0.0032,2.69094
"328",2009,5,"M",46.9,122.21447,0,0,0.00245
"329",2009,5,"M",47,185.9141,0.00445,0,0.03077
"330",2009,5,"M",47.1,994.35178,0.00643,0.00378,0.05509
"331",2009,5,"M",47.2,2128.13165,0.0566,0.04683,0.7782
"332",2009,5,"M",47.3,2433.8285683228,0.81459,0.06345,1.8692235467
"333",2009,5,"M",47.4,4171.0932903059,0.0202820267,0.0135959082,2.0562316252
"334",2009,5,"M",47.5,1623.08192,0.04421,0.00646,0.88698
"335",2009,5,"M",47.6,1163.2695,0.01675,0.01233,0.60248
"336",2009,5,"M",47.7,134.60828,0.01191,0.01534,0.04272
"337",2009,5,"M",47.9,474.97428,0.01663,0,0.0463
"338",2009,5,"M",48,228.08684,0.03502,0.00178,0.05995
"339",2009,6,"CP",47.2,354.93056,0,0,0
"340",2009,6,"CP",47.3,392.6244,0,0,0.03968
"341",2009,6,"CP",47.4,190.61705,0,0,0.01977
"342",2009,6,"CP",47.5,5.03877,0,0,0
"343",2009,8,"CP",44.3,101.68674,0,0,0.00372
"344",2009,8,"CP",44.4,227.58691,0,0,0
"345",2009,8,"CP",44.5,460.97806,0,0,0
"346",2009,8,"CP",44.6,12.3239,0,0,0
"347",2009,8,"CP",44.8,882.56432,0,0,0.07188
"348",2009,8,"CP",44.9,1419.07464,0.0016,0,0.02357
"349",2009,8,"CP",45,1436.41286,0,0,0
"350",2009,8,"CP",45.1,1621.79419,0,0,0
"351",2009,8,"CP",45.2,44.87907,0,0,0
"352",2009,8,"CP",45.8,31.76721,0,0,0
"353",2009,8,"CP",46.1,80.77358,0,0,0
"354",2009,8,"CP",46.2,48.60053,0,0,0
"355",2009,8,"CP",46.3,45.24109,0,0,0
"356",2009,8,"CP",46.4,56.9219,0,0,0
"357",2009,8,"CP",46.5,351.65783,0,0,0
"358",2009,8,"CP",46.6,487.67047,0,0,0
"359",2009,8,"CP",46.7,88.22785,0,0,0
"360",2009,8,"CP",47.4,0,0,0,0
"361",2009,8,"CP",48,0.71343,0,0,0
"362",2009,9,"CP",44.2,131.80709,0,0,0
"363",2009,9,"CP",44.3,538.06101,0,0,0
"364",2009,9,"CP",44.4,596.85192,0,0,0.01261
"365",2009,9,"CP",44.5,1162.99155,0,0,0
"366",2009,9,"CP",44.6,127.35351,0,0,0
"367",2009,9,"CP",44.7,274.92563,0,0,0
"368",2009,9,"CP",44.8,1533.93039,0,0,0
"369",2009,9,"CP",44.9,1971.32762,0,0,0
"370",2009,9,"CP",45,1011.02927,0,0,0
"371",2009,9,"CP",45.1,1769.74174,0,0,0
"372",2009,9,"CP",45.2,628.92598,0,0,0
"373",2009,9,"CP",45.3,44.91956,0,0,0
"374",2009,9,"CP",45.5,18.33016,0,0,0
"375",2009,9,"CP",45.8,124.99792,0,0,0
"376",2009,9,"CP",45.9,727.01812,0.00186,0,0
"377",2009,9,"CP",46,2028.47202,0,0,0
"378",2009,9,"CP",46.1,1000.92874,0,0,0
"379",2009,9,"CP",46.2,1.00417,0,0,0
"380",2009,10,"CP",43.1,62.12594,0,0,0
"381",2009,10,"CP",43.2,123.91164,0,0,0
"382",2009,10,"CP",43.7,1.34655,0.00126,0,0
"383",2009,10,"CP",44.2,25.77686,0,0,0
"384",2009,10,"CP",44.3,256.26536,0,0,0
"385",2009,10,"CP",44.4,23.1955,0,0,0
"386",2009,10,"CP",44.5,209.27608,0,0,0.00331
"387",2009,10,"CP",44.7,9.93523,0,0,0
"388",2009,10,"CP",44.8,193.39465,0,0,0.00444
"389",2009,10,"CP",44.9,213.57021,0,0,0.00456
"390",2009,10,"CP",45,635.31031,0.00109,0,0
"391",2009,10,"CP",45.1,1128.11194,0,0,0
"392",2009,10,"CP",45.2,310.67707,0,0,0
"393",2009,10,"CP",45.8,65.44475,0,0,0
"394",2009,10,"CP",45.9,38.75489,0,0,0
"395",2009,10,"CP",46,543.89705,0,0,0
"396",2009,10,"CP",46.1,399.60171,0,0,0
"397",2009,10,"CP",46.6,21.34136,0,0,0
"398",2009,10,"CP",46.9,19.3839,0,0,0
"399",2009,10,"CP",47.1,66.92912,0,0,0
"400",2009,10,"CP",47.2,361.35617,0,0,0
"401",2009,11,"CP",44.4,77.74419,0,0,0
"402",2009,11,"CP",44.5,28.53717,0,0,0
"403",2009,11,"CP",44.8,269.18681,0,0,0
"404",2009,11,"CP",44.9,67.51457,0,0,0
"405",2009,11,"CP",45,39.88923,0,0,0
"406",2009,11,"CP",45.7,6.48284,0,0,0
"407",2009,11,"CP",46,7.09153,0,0,0
"408",2009,11,"CP",46.1,27.23193,0,0,0
"409",2009,11,"CP",46.6,229.81249,0,0,0
"410",2009,11,"CP",46.7,108.94683,0,0,0
"411",2009,11,"CP",46.8,15.40635,0,0,0
"412",2009,11,"CP",47.7,40.65475,0,0,0
"413",2009,11,"CP",47.8,611.70636,0.0013,0,0.03366
"414",2009,11,"CP",47.9,2568.42885,0.01016,0,0.00561
"415",2009,11,"CP",48,470.75167,0.00828,0,0.00664
"416",2009,12,"CP",45.1,18.93694,0,0,0
"417",2009,12,"CP",46.6,31.4016,0,0,0
"418",2009,12,"CP",46.7,25.1257,0,0,0
"419",2009,12,"CP",47.2,9.26524,0,0,0
"420",2009,12,"CP",47.7,117.62462,0,0,0
"421",2009,12,"CP",47.8,188.13211,0.00122,0,0
"422",2009,12,"CP",47.9,962.26678,0,0,0.03347
"423",2009,12,"CP",48,885.98169,0.02763,0,0.06203
"424",2010,5,"CP",47.4,186.10368,0,0,0.10882
"425",2010,5,"CP",47.5,1051.6565713976,0.01502,0.01637,0.3364531701
"426",2010,5,"CP",47.6,649.6244,0.13156,0.05773,0.11803
"427",2010,5,"CP",47.7,818.04557,0.00967,0.02962,0.21043
"428",2010,5,"CP",47.8,1467.08243,0.27544,0.09161,0.48285
"429",2010,5,"CP",47.9,1714.09894,0.50306,0.03389,0.79574
"430",2010,5,"CP",48,36.0747,0.00189,0,0
"431",2010,5,"M",41.8,69.51232,0,0.00356,0.05843
"432",2010,5,"M",41.9,2813.11374,0.01028,0.2061,2.22694
"433",2010,5,"M",42,2021.62869,0.00094,0.12748,2.76435
"434",2010,5,"M",42.1,927.66949,0.00619,0.0779,2.11569
"435",2010,5,"M",42.2,682.78968,0,0.05648,1.12024
"436",2010,5,"M",42.3,400.72094,0.00281,0.0603,0.48043
"437",2010,5,"M",42.4,33.34241,0,0.002,0.00463
"438",2010,5,"M",42.5,654.09518,0,0.02659,0.60885
"439",2010,5,"M",42.6,684.3532,0.00865,0.96729,0.65998
"440",2010,5,"M",42.7,72.05667,0,0.00919,0.03313
"441",2010,5,"M",42.8,27.49187,0,0,0.04647
"442",2010,5,"M",42.9,144.449,0,0.00812,0.11802
"443",2010,5,"M",43.5,168.17573,0,0.04416,0.14518
"444",2010,5,"M",43.6,59.34475,0,0.0172,0.01643
"445",2010,5,"M",44.3,29.61695,0,0.07843,0.74888
"446",2010,5,"M",44.4,15.32489,0,0,0.06549
"447",2010,5,"M",45,3.82364,0,0,0.00118
"448",2010,5,"M",45.4,70.77442,0,0,0.00346
"449",2010,5,"M",45.5,29.33153,0,0,0
"450",2010,5,"M",46.4,60.85557,0,0,0.02752
"451",2010,5,"M",46.5,15.93582,0,0,0.07295
"452",2010,5,"M",46.6,198.08171,0,0.00437,0.23637
"453",2010,5,"M",46.7,203.1823,0,0,0.49135
"454",2010,5,"M",47.3,110.50152,0,0,0.023
"455",2010,5,"M",47.4,771.77884,0.00875,0.00231,0.16331
"456",2010,5,"M",47.5,1999.63064,0.48557,0.16543,0.46714
"457",2010,5,"M",47.6,1206.26332,0.06269,0.13088,0.31643
"458",2010,5,"M",47.7,926.53498,0.18409,0.26661,0.918
"459",2010,5,"M",47.8,2643.32955,0.62664,0.1799,0.94463
"460",2010,5,"M",47.9,3348.43288,1.93299,0.26038,1.27917
"461",2010,5,"M",48,1278.23201,4.04619,1.85327,2.74031
"462",2010,5,"M",48.1,788.07878,4.66708,0.59643,1.0473
"463",2010,5,"M",48.2,115.41785,0.02087,0.01854,0.0037
"464",2010,6,"M",41.8,25.00138,0,0,0
"465",2010,6,"M",41.9,1653.49833,0.00424,0.04074,0.72983
"466",2010,6,"M",42,1456.8373,0.00551,0.02663,0.50168
"467",2010,6,"M",42.1,449.67252,0,0.00955,0.12488
"468",2010,6,"M",42.2,26.90476,0,0,0.00304
"469",2010,6,"M",47.3,151.24211,0,0,0.02249
"470",2010,6,"M",47.4,1080.22799,0,0.00417,0.201
"471",2010,6,"M",47.5,57.55843,0,0,0.00566
"472",2010,6,"M",47.6,843.803,0.04905,0.021,0.22468
"473",2010,6,"M",47.7,183.8232,0,0,0.04475
"474",2010,6,"M",47.8,1363.27186,0.00571,0,0.03452
"475",2010,6,"M",47.9,329.69777,0.01272,0.00844,0.01361
"476",2010,6,"M",48,138.72768,0.00108,0,0.00442
"477",2010,6,"M",48.1,27.01009,0,0,3.37328
"478",2010,7,"CP",42,1.01006,0,0,0
"479",2010,7,"CP",42.2,67.86195,0,0,0
"480",2010,7,"CP",42.5,5.61005,0,0,0.09579
"481",2010,7,"CP",44.8,12.92445,0,0,0.00612
"482",2010,7,"CP",44.9,0,0,0,0
"483",2010,7,"CP",45,7.29343,0,0,0.00111
"484",2010,7,"CP",46.3,5.51307,0,0,0
"485",2010,7,"CP",46.4,51.73486,0,0,0
"486",2010,7,"CP",47.3,2.62989,0,0,0
"487",2010,8,"CP",42.6,53.98451,0,0,0
"488",2010,8,"CP",42.8,21.17808,0.00277,0.19835,0
"489",2010,8,"CP",42.9,34.04512,0,0,0
"490",2010,8,"CP",43,208.063,0,0,0.00221
"491",2010,8,"CP",43.1,577.2823,0.00206,0.17348,0.00097
"492",2010,8,"CP",43.2,915.20797,0,0.01242,0
"493",2010,8,"CP",43.3,453.71388,0,0,0.12504
"494",2010,8,"CP",43.7,0,0,0,0
"495",2010,8,"CP",44,140.83889,0,0,0.03801
"496",2010,8,"CP",44.1,257.01247,0,0,0.06661
"497",2010,8,"CP",44.2,152.55596,0.00147,0,0
"498",2010,8,"CP",44.3,237.96515,0,0,0.04047
"499",2010,8,"CP",46.2,69.43983,0,0,0
"500",2010,8,"CP",47.8,93.08778,0,0,0
"501",2010,8,"CP",47.9,540.97515,0.02069,0.02138,0.02216
"502",2010,8,"CP",48,2130.75465,0.08443,0.00462,0.12153
"503",2010,9,"CP",42.1,237.88841,0,0,0
"504",2010,9,"CP",42.2,321.83526,0,0.00302,0
"505",2010,9,"CP",42.3,266.28709,0.00268,0.00411,0
"506",2010,9,"CP",42.4,82.43803,0,0,0
"507",2010,9,"CP",42.5,222.55565,0,0,0
"508",2010,9,"CP",42.6,64.47848,0,0,0
"509",2010,9,"CP",42.7,1019.16862,0.00186,0.00627,0
"510",2010,9,"CP",42.8,479.61504,0.00119,0.00507,0
"511",2010,9,"CP",42.9,640.34971,0,0,0.00155
"512",2010,9,"CP",43,895.92086,0.01738,0.02035,0.01069
"513",2010,9,"CP",43.1,3932.4053,0.03687,0.1036,0.12496
"514",2010,9,"CP",43.2,5926.33994,0.04211,0.17798,0.06731
"515",2010,9,"CP",43.3,907.12733,0.0055,0.05752,0.02832
"516",2010,9,"CP",43.4,23.83447,0,0,0
"517",2010,9,"CP",43.5,20.56822,0.00714,0.00566,0
"518",2010,9,"CP",43.6,45.42809,0,0,0
"519",2010,9,"CP",43.7,19.27945,0,0,0.0312
"520",2010,9,"CP",44.2,11.42211,0.00063,0,0.0452
"521",2010,9,"CP",44.5,7.07885,0,0,0
"522",2010,9,"CP",45.8,4.3899,0,0,0
"523",2010,9,"CP",45.9,2.33351,0.00069,0.00079,0
"524",2010,9,"CP",46,16.28418,0,0,0
"525",2010,9,"CP",46.7,16.58325,0,0,0.00375
"526",2010,9,"CP",47.8,50.70544,0,0,0
"527",2010,9,"CP",47.9,41.1699,0,0,0
"528",2010,9,"CP",48,69.48016,0,0,0
"529",2010,9,"CP",48.1,349.80052,0.03841,0,0
"530",2010,9,"CP",48.2,134.59423,0,0,0.01149
"531",2010,9,"M",43,240.6972,0.00413,0.00081,0.00211
"532",2010,9,"M",43.1,338.74597,0.00923,0.00586,0
"533",2010,9,"M",43.2,41.91053,0,0,0
"534",2010,10,"CP",42.2,170.26532,0,0,0.00227
"535",2010,10,"CP",42.3,286.7199,0,0,0.0036
"536",2010,10,"CP",42.4,61.25717,0,0,0
"537",2010,10,"CP",42.5,134.708,0,0,0
"538",2010,10,"CP",42.6,320.652,0.00125,0,0
"539",2010,10,"CP",42.7,3147.9287,0.30159,0.26207,0.00766
"540",2010,10,"CP",42.8,1973.13755,0.37537,0.65985,0.03684
"541",2010,10,"CP",42.9,669.41099,0.02646,0.28825,0
"542",2010,10,"CP",43,123.52046,0,0,0
"543",2010,10,"CP",43.1,956.08507,0.00632,0.01172,0.00244
"544",2010,10,"CP",43.2,861.46675,0.01283,0.00421,0
"545",2010,10,"CP",43.3,278.90101,0.00167,0.00275,0
"546",2010,10,"CP",43.4,153.23173,0,0.00165,0
"547",2010,10,"CP",43.5,85.64037,0,0.00294,0
"548",2010,10,"CP",43.6,70.24875,0,0,0
"549",2010,10,"CP",43.7,143.33583,0,0,0
"550",2010,10,"CP",44.4,2.24821,0,0,0
"551",2010,10,"CP",44.9,61.42976,0,0,0
"552",2010,10,"CP",45,300.96631,0,0,0
"553",2010,10,"CP",45.1,1955.84598,0,0,0
"554",2010,10,"CP",45.2,245.83472,0.00078,0,0
"555",2010,10,"CP",45.4,200.94282,0,0,0
"556",2010,10,"CP",45.5,367.45898,0,0,0
"557",2010,10,"CP",45.6,506.1142,0.00181,0,0
"558",2010,10,"CP",45.7,408.55136,0,0,0
"559",2010,10,"CP",45.8,235.13156,0,0,0
"560",2010,10,"CP",45.9,241.58158,0,0,0
"561",2010,10,"CP",46,631.8629,0,0,0
"562",2010,10,"CP",46.1,376.0289,0,0,0.00235
"563",2010,10,"CP",46.2,326.59402,0,0,0
"564",2010,10,"CP",46.5,428.98825,0.01971,0.00319,0.02013
"565",2010,10,"CP",46.6,114.05449,0.00118,0,0.00612
"566",2010,10,"CP",47.2,24.88319,0,0,0
"567",2010,10,"CP",47.5,0,0,0,0
"568",2010,10,"M",42,21.35426,0,0,0
"569",2010,10,"M",42.1,13.21851,0,0,0
"570",2010,10,"M",42.2,7.11232,0,0,0
"571",2010,10,"M",42.8,35.69939,0.00209,0,0
"572",2010,10,"M",42.9,21.51281,0.00346,0,0
"573",2010,10,"M",43,125.95426,0,0,0
"574",2010,10,"M",43.1,111.5277,0,0,0
"575",2010,10,"M",43.4,29.33036,0,0,0
"576",2010,10,"M",43.5,70.0934,0,0,0
"577",2010,10,"M",44.3,87.93728,0,0,0
"578",2010,10,"M",44.4,200.24937,0,0,0.04496
"579",2010,10,"M",44.5,57.15538,0.00126,0.0016,0.02851
"580",2010,10,"M",44.6,42.39889,0,0,0.00275
"581",2010,10,"M",44.7,426.47802,0,0,0
"582",2010,10,"M",44.8,336.98984,0.0013,0.00124,0.00802
"583",2010,11,"CP",42.6,69.83267,0,0,0
"584",2010,11,"CP",42.7,847.52212,0.00228,0.00604,0.0022
"585",2010,11,"CP",42.8,1054.14401,0.06076,0.11266,0.03525
"586",2010,11,"CP",42.9,261.52853,0.01493,0.00106,0.04247
"587",2010,11,"CP",43,876.11028,0.0021,0,0.01551
"588",2010,11,"CP",43.1,1468.66342,0.0019,0.00386,0.00629
"589",2010,11,"CP",43.2,1108.58841,0.00166,0,0
"590",2010,11,"CP",43.3,326.28132,0,0,0
"591",2010,11,"CP",43.4,42.89135,0,0,0
"592",2010,11,"CP",44.3,280.83591,0.00168,0.00361,0.04511
"593",2010,11,"CP",44.7,50.19105,0,0.00159,0.00876
"594",2010,11,"CP",44.8,23.01952,0,0,0.00378
"595",2010,11,"CP",45,37.13305,0,0,0
"596",2010,11,"CP",45.1,7.22588,0,0,0.00102
"597",2010,11,"CP",45.7,73.71421,0,0,0.02925
"598",2010,11,"CP",45.8,4.27146,0,0,0
"599",2010,11,"CP",46.1,30.54155,0,0,0
"600",2010,11,"CP",46.2,60.18776,0.00287,0,0
"601",2010,11,"CP",46.5,111.46545,0.00682,0,0.02105
"602",2010,11,"CP",46.6,598.20587,0.00323,0,0.21007
"603",2010,11,"CP",46.7,208.18976,0,0,0
"604",2010,11,"CP",47.2,20.62609,0,0,0
"605",2010,11,"CP",47.6,57.72308,0.05172,0.00539,0.13549
"606",2010,12,"CP",42.7,104.98037,0,0.01498,0.00627
"607",2010,12,"CP",42.9,63.35654,0,0,0.00737
"608",2010,12,"CP",43,115.89262,0,0,0.03464
"609",2010,12,"CP",43.1,302.05434,0.00397,0.00607,0.00548
"610",2010,12,"CP",43.2,169.06291,0.00132,0,0.01996
"611",2010,12,"CP",43.3,32.69377,0,0,0.00631
"612",2010,12,"CP",43.4,13.92924,0,0,0.00905
"613",2010,12,"CP",43.6,28.6582,0,0,0
"614",2010,12,"CP",44.1,14.28341,0,0,0
"615",2010,12,"CP",44.2,29.95753,0.00069,0,0.04966
"616",2010,12,"CP",44.4,75.49687,0.00065,0.00156,0.14657
"617",2010,12,"CP",44.5,81.67162,0,0.013,0.02578
"618",2010,12,"CP",44.7,9.19517,0,0.1332,0.00502
"619",2010,12,"CP",44.9,8.37355,0,0,0.01544
"620",2010,12,"CP",46,162.6964,0.01563,0.00315,0.02852
"621",2010,12,"CP",46.1,67.09611,0.00895,0.0064,0.19672
"622",2010,12,"CP",46.2,41.19603,0,0,0.01687
"623",2010,12,"CP",46.5,51.98889,0,0,0.00807
"624",2010,12,"CP",46.6,65.58765,0,0,0.00912
"625",2010,12,"CP",46.7,361.50368,0.02643,0.00336,0.09955
"626",2010,12,"CP",46.8,527.31141,0.00478,0.00178,0.69765
"627",2010,12,"CP",46.9,37.6808,0.00186,0,0.00172
"628",2010,12,"CP",47.5,49.36584,0,0,0
"629",2010,12,"CP",47.6,242.23117,0.02543,0,0.00445
"630",2010,12,"CP",47.8,25.37395,0.0575,0.00404,0.02444
"631",2010,12,"CP",47.9,300.45463,1.41728,0.10193,0.07642
"632",2010,12,"CP",48,45.89112,0.04652,0.00428,0
"633",2011,5,"CP",46.3,182.70827,0.46906,0.02271,2.28705
"634",2011,5,"CP",46.6,204.39181,0,0,0.03577
"635",2011,5,"CP",46.7,680.28007,0,0,0.0104
"636",2011,5,"CP",46.8,632.1133588773,0,0,2.5989914948
"637",2011,5,"CP",46.9,168.36605,0.0031,0,0.01297
"638",2011,5,"CP",47,569.71465,0.00291,0.00123,1.34771
"639",2011,5,"CP",47.1,144.65688,0,0,0.92314
"640",2011,5,"CP",47.2,123.77088,0.00524,0,0
"641",2011,5,"CP",47.3,26.43087,0.00089,0,0.00056
"642",2011,5,"CP",47.4,298.41182,0.03862,0.00872,0.00521
"643",2011,5,"CP",47.5,815.48038,0.00859,0.00781,0.00657
"644",2011,5,"CP",47.6,386.2698,0.00801,0.00393,0
"645",2011,5,"CP",47.7,638.27418,0,0.00508,0.00698
"646",2011,5,"CP",47.8,4256.7586174963,0.0708,0.04083,0.16462
"647",2011,5,"CP",47.9,7391.08994,0.10141,0.02443,0.30149
"648",2011,5,"CP",48,5117.64584,0.05001,0.05333,0.10277
"649",2011,5,"M",42.4,4.80651,0,0,0.01049
"650",2011,5,"M",46.2,766.81761,0,0,1.21881
"651",2011,5,"M",46.3,205.90191,0,0,0.21428
"652",2011,5,"M",46.4,11.34574,0,0,0
"653",2011,5,"M",46.5,44.58352,0,0,0.01146
"654",2011,5,"M",46.7,537.30389,0,0.00386,0.12932
"655",2011,5,"M",46.8,780.46838,0,0,1.54134
"656",2011,5,"M",46.9,309.00936,0,0,0.34598
"657",2011,5,"M",47,799.25194,0,0,0.45968
"658",2011,5,"M",47.1,335.28782,0,0,1.82111
"659",2011,5,"M",47.2,10.07568,0,0,0
"660",2011,5,"M",47.3,542.91699,0,0,0.14766
"661",2011,5,"M",47.4,2620.29082,0,0,0.83651
"662",2011,5,"M",47.5,2221.5815,0.00447,0,0.58702
"663",2011,5,"M",47.6,47.1115,0.0919,0.56429,0.00148
"664",2011,5,"M",47.7,2.75638,0,0,0
"665",2011,5,"M",47.8,437.44571,0,0,0.01076
"666",2011,5,"M",47.9,716.16175,0,0.00298,0.20576
"667",2011,6,"CP",42.7,35.7768,0.28835,0.32392,0
"668",2011,6,"CP",43,0.73588,0,0,0
"669",2011,6,"CP",43.4,24.78847,0,0,0
"670",2011,6,"CP",43.8,51.97985,0.00313,0.00225,0
"671",2011,6,"CP",44.7,7.88402,0,0,0
"672",2011,6,"CP",44.9,28.2396,0,0.00222,0
"673",2011,6,"CP",45,212.87608,0.00508,0,0
"674",2011,6,"CP",45.1,90.80783,0,0.00375,0
"675",2011,6,"CP",45.6,57.86839,0,0,0.00816
"676",2011,6,"CP",46.6,99.97185,0,0,0.00583
"677",2011,6,"CP",46.9,65.99079,0,0,0.00072
"678",2011,6,"CP",47.5,91.10689,0.0072,0.00463,0
"679",2011,6,"CP",47.6,78.00604,0.00236,0.00347,0.00667
"680",2011,6,"CP",47.7,34.46405,0.00508,0,0
"681",2011,6,"CP",47.8,554.96886,0.01707,0.00974,0.00336
"682",2011,6,"CP",47.9,1540.89109,0.03375,0.00462,0.02242
"683",2011,6,"CP",48,1836.62057,0.02265,0.00269,0.2673
"684",2011,6,"M",46.5,758.66623,0,0,0.03708
"685",2011,6,"M",46.6,1331.5123,0,0,0.07172
"686",2011,6,"M",46.7,404.15394,0,0.00704,0.13575
"687",2011,6,"M",47,483.35973,0.05756,0,0.05701
"688",2011,6,"M",47.2,983.16886,0,0,0.06559
"689",2011,6,"M",47.3,785.8708,0,0,0.07247
"690",2011,6,"M",47.4,3286.10429,0.01537,0,0.0871
"691",2011,8,"M",47.4,184.14379,0,0,0
"692",2011,8,"M",47.5,47.05634,0,0,0.00243
"693",2011,9,"CP",47.5,72.4123,0,0,0.00073
"694",2011,9,"CP",47.6,486.75517,0.36409,0.19129,0.01203
"695",2011,9,"CP",47.7,623.59826,0.00919,0.01117,0.02958
"696",2011,9,"CP",47.8,908.54252,0.00474,0,0.21484
"697",2011,9,"CP",47.9,939.70841,0.01581,0.00641,0.26998
"698",2011,9,"CP",48,1055.20421,0.22118,0.00428,0.707
"699",2011,9,"CP",48.1,54.09964,0,0,0.00215
"700",2011,9,"M",43,96.80125,0,0,0.00195
"701",2011,9,"M",43.1,110.30673,0,0,0
"702",2011,9,"M",43.3,0.5687155764,0,0,0
"703",2011,9,"M",44.2,28.68438,0,0,0
"704",2011,9,"M",44.3,789.32573,0,0,0.21249
"705",2011,9,"M",44.4,319.00747,0,0.00284,0.38155
"706",2011,9,"M",46.1,26.77318,0,0,0
"707",2011,9,"M",47.1,104.27506,0,0,0.01341
"708",2011,9,"M",47.2,45.1023,0.00269,0,0
"709",2011,9,"M",47.3,281.06626,0.00207,0,0.01621
"710",2011,9,"M",47.4,579.24388,0.00443,0.00318,0.65856
"711",2011,9,"M",47.5,839.39295,0.00406,0.00558,0.06654
"712",2011,9,"M",47.6,177.23091,0.00483,0,0.01166
"713",2011,9,"M",47.8,333.1855,0,0,0.00581
"714",2011,9,"M",47.9,2012.69635,0.04704,0.00268,0.09101
"715",2011,9,"M",48,77.49251,0,0,0
"716",2011,10,"CP",44.9,50.77599,0,0,0.00721
"717",2011,10,"CP",45,389.49188,0,0,0.05155
"718",2011,10,"CP",45.1,332.35589,0,0.00132,0.02404
"719",2011,10,"CP",45.7,2.03124,0.00113,0,0
"720",2011,10,"CP",46.1,22.10554,0.01442,0,0
"721",2011,10,"CP",47.7,76.00981,0.00145,0,0
"722",2011,10,"CP",47.9,308.31729,1.42302,0.05035,0.47067
"723",2011,10,"CP",48,268.36696,0.22533,0.01133,0.07214
"724",2011,10,"CP",48.1,42.96523,0.00372,0,0.00794
"725",2011,10,"M",42,103.34452,0,0,0.00168
"726",2011,10,"M",42.1,88.92234,0,0,0.00138
"727",2011,10,"M",42.9,83.25513,0,0.00227,0
"728",2011,10,"M",43,905.3756146199,0,0.02299,0.0281646003
"729",2011,10,"M",43.1,5149.8197,0.02172,0.08623,0.09192
"730",2011,10,"M",43.2,2388.80909,0.00211,0.06068,0.0098
"731",2011,10,"M",43.3,574.2122,0,0.00351,0.01922
"732",2011,10,"M",43.4,38.28728,0,0,0
"733",2011,10,"M",43.5,23.59098,0,0,0.00244
"734",2011,10,"M",43.7,59.15665,0,0.00205,0
"735",2011,10,"M",44,211.31277,0,0,0.00635
"736",2011,10,"M",44.1,318.83589,0,0,0.05539
"737",2011,10,"M",44.2,537.46389,0,0,0.14319
"738",2011,10,"M",44.3,233.63656,0,0,0.04484
"739",2011,10,"M",44.4,1338.02936,0,0.00299,2.44393
"740",2011,10,"M",44.5,221.92186,0,0,0.01215
"741",2011,10,"M",44.6,322.95722,0,0,0.00642
"742",2011,10,"M",44.7,71.37931,0,0,0.00267
"743",2011,10,"M",44.8,46.91272,0,0,0
"744",2011,10,"M",44.9,111.04972,0,0,0.00372
"745",2011,10,"M",45,85.31317,0,0,0.02854
"746",2011,10,"M",45.1,282.94253,0.00441,0.00118,0.00763
"747",2011,11,"CP",43,57.25459,0,0,0
"748",2011,11,"CP",43.1,184.46614,0.00503,0.02027,0
"749",2011,11,"CP",43.2,135.98138,0,0.00216,0.00687
"750",2011,11,"CP",43.7,79.00477,0,0,0
"751",2011,11,"CP",43.8,506.56108,0,0,0.00235
"752",2011,11,"CP",43.9,1393.38057,0,0.00746,0.07772
"753",2011,11,"CP",44,1298.90733,0.0016,0.00433,0.0238
"754",2011,11,"CP",44.1,571.8187,0.00042,0.01437,0.00705
"755",2011,11,"CP",44.2,844.58672,0,0.00621,0.03335
"756",2011,11,"CP",44.3,368.92178,0,0,0.52142
"757",2011,11,"CP",44.4,242.99957,0,0,0
"758",2011,11,"CP",44.5,440.8278,0,0.01191,2.21419
"759",2011,11,"CP",44.6,608.79987,0,0,0
"760",2011,11,"CP",44.7,1841.45906,0.00694,0.00861,0.60371
"761",2011,11,"CP",44.8,880.30064,0.00429,0.00179,0.07269
"762",2011,11,"CP",44.9,3950.1204425277,0.00284,0.00367,0.1255038447
"763",2011,11,"CP",45,1717.61391,0.00424,0.0047,6.19904
"764",2011,11,"CP",45.1,972.69095,0.00055,0,0.01549
"765",2011,11,"CP",45.2,817.97637,0,0,0.02044
"766",2011,11,"CP",45.5,25.06575,0.00123,0.00235,0.00181
"767",2011,11,"CP",45.7,24.51068,6e-04,0,0
"768",2011,11,"CP",45.8,143.15236,0.00668,0.00913,0.0057
"769",2011,11,"CP",45.9,102.72829,0.00412,0.04567,0.00886
"770",2011,11,"CP",46,1167.83871,0.15703,0.02302,0.42553
"771",2011,11,"CP",46.1,1883.80158,0.00873,0.01775,0.05849
"772",2011,11,"CP",46.2,1744.54539,0.051,0.02057,0.05579
"773",2011,11,"CP",46.3,1449.86153,0.02068,0.0188,0.12613
"774",2011,11,"CP",46.4,1348.6857421686,0.0049,0.00895,0.2929766265
"775",2011,11,"CP",46.5,309.16821,0.00317,0,0.03765
"776",2011,11,"CP",46.6,147.32872,0,0,0.00298
"777",2011,11,"CP",46.7,433.85047,0,0,0.02722
"778",2011,11,"CP",46.8,582.78264,0,0,0.0165
"779",2011,11,"CP",47,0,0,0,0
"780",2011,11,"CP",47.2,1.40824,0,0,0
"781",2011,11,"CP",47.3,9.56328,0.00069,0.00138,0.04211
"782",2011,11,"CP",47.4,94.45946,0.00181,0,0.00427
"783",2011,11,"CP",47.5,395.8567,0,0,0.14564
"784",2011,11,"CP",47.6,562.16476,0.00243,0,0.0032
"785",2011,11,"CP",47.7,184.43206,0.00243,0.00238,0.01142
"786",2011,11,"CP",47.8,69.32356,0.00252,0.01808,0
"787",2011,11,"CP",47.9,44.84775,0.01155,0,0.00536
"788",2011,11,"M",42,45.28965,0,0,0
"789",2011,11,"M",42.4,53.08388,0,0,0
"790",2011,11,"M",42.5,62.32434,0,0,0
"791",2011,11,"M",42.6,38.44788,0,0,0
"792",2011,11,"M",42.7,75.55663,0,0,0
"793",2011,11,"M",42.8,286.46459,0.00209,0.00325,0
"794",2011,11,"M",42.9,587.29087,0,0.00437,0
"795",2011,11,"M",43,1135.43389,0.09825,0.05171,0.02288
"796",2011,11,"M",43.1,2064.04207,0.08011,0.20948,0.01934
"797",2011,11,"M",43.2,3565.53968,0.12453,0.21391,0.02202
"798",2011,11,"M",43.3,467.49533,0.00276,0.03054,0.00809
"799",2011,11,"M",43.8,68.26148,0,0.00154,0
"800",2011,11,"M",44,56.83972,0,0,0
"801",2011,11,"M",44.1,30.85895,0,0,0.00277
"802",2011,11,"M",44.2,58.37671,0,0,0
"803",2011,11,"M",44.3,285.82897,0.00165,0,0.00122
"804",2011,11,"M",44.4,114.73649,0,0,0.00242
"805",2011,11,"M",44.5,68.51117,0,0,0
"806",2011,11,"M",44.6,201.65709,0,0.00378,0.00655
"807",2011,11,"M",44.7,174.86931,0.0022,0.00813,0.01911
"808",2011,11,"M",44.8,103.15119,0.00076,0.00068,0
"809",2011,11,"M",44.9,906.6268,0.00427,0.00128,0.01147
"810",2011,11,"M",45,288.74879,0,0.15422,0
"811",2011,11,"M",45.1,136.46837,0,0,0
"812",2011,11,"M",45.2,72.09741,0,0.00115,0
"813",2011,11,"M",46,81.24654,0.00641,0,0.01252
"814",2011,11,"M",46.2,133.93249,0.00239,0,0.00237
"815",2011,11,"M",46.7,62.99099,0.01063,0.09305,0.00144
"816",2011,11,"M",47.6,8.76853,0,0,0
"817",2011,12,"CP",42.3,11.08073,0,0,0.00382
"818",2011,12,"CP",42.4,110.12686,0,0,0.00449
"819",2011,12,"CP",42.5,329.25082,0,0.01627,0.01284
"820",2011,12,"CP",42.6,1058.72843,0.00065,0.02111,0.07232
"821",2011,12,"CP",42.7,1131.24117,0,0.01376,0.07145
"822",2011,12,"CP",42.8,580.90401,0.00465,0.01613,0.05634
"823",2011,12,"CP",42.9,450.70618,0.00946,0.03114,0.01188
"824",2011,12,"CP",43,389.30442,0,0,0.00486
"825",2011,12,"CP",43.1,396.87283,0.00045,0.0084,0.02998
"826",2011,12,"CP",43.2,357.74732,0,0.00538,0.0036
"827",2011,12,"CP",43.3,216.40693,0.03103,0.00542,0
"828",2011,12,"CP",43.4,32.76876,0,0,0.00225
"829",2011,12,"CP",44.7,0,0,0,0
"830",2011,12,"CP",44.8,5.52896,0.00073,0.00345,1.14123
"831",2011,12,"CP",44.9,129.51895,0.00483,0.07961,0.00452
"832",2011,12,"CP",45,707.2411,0.02181,0.26664,0.02903
"833",2011,12,"CP",45.1,788.03282,0.04149,0.31429,0.02998
"834",2011,12,"CP",45.2,366.4785,0.01017,0.07719,0.00486
"835",2011,12,"CP",45.5,141.74977,0.00204,0.0097,0.00151
"836",2011,12,"CP",45.6,196.31689,0.00476,0.00698,0.00965
"837",2011,12,"CP",45.7,196.5679,0.03746,0.21473,0.0252
"838",2011,12,"CP",45.8,565.96203,0.54589,0.92681,0.17471
"839",2011,12,"CP",45.9,1301.72301,0.76728,4.1343,0.69545
"840",2011,12,"CP",46,1161.68471,0.9004,2.43288,0.35195
"841",2011,12,"CP",46.1,1054.97315,0.36885,0.63711,0.39232
"842",2011,12,"CP",46.2,268.94451,0.02126,0.01309,0.05612
"843",2011,12,"CP",46.7,3.87723,0.00316,0.00078,0.00916
"844",2011,12,"CP",46.8,3.87573,0,0,0.00221
"845",2011,12,"M",42.1,33.35016,0,0,0
"846",2011,12,"M",42.2,29.72738,0,0,0
"847",2011,12,"M",42.5,28.34724,0,0,0.00312
"848",2011,12,"M",42.6,191.74764,0,0,0.00531
"849",2011,12,"M",42.7,209.45054,0,0.00706,0.00134
"850",2011,12,"M",42.8,133.17076,0.00572,0.03299,0.09911
"851",2011,12,"M",42.9,115.23834,0.0034,0.00675,0.01456
"852",2011,12,"M",43,183.47158,0.02367,0.03495,0.0057
"853",2011,12,"M",43.1,27.45622,0,0.003,0.01027
"854",2011,12,"M",43.2,49.09751,0,0,0.00149
"855",2011,12,"M",45.9,120.71492,0.03081,0.06439,0.11855
"856",2011,12,"M",46.1,19.31894,0,0,0.01425
"857",2012,5,"CP",47.4,144.19549,0,0.00506,0.0579
"858",2012,5,"CP",47.5,960.94683,0.08906,0.05301,0.56286
"859",2012,5,"CP",47.6,1440.34111,0.03234,0.0494,0.54479
"860",2012,5,"CP",47.7,991.46535,0.02134,0.02901,0.12533
"861",2012,5,"CP",47.8,8456.92127,0.65076,0.62478,2.66447
"862",2012,5,"CP",47.9,5327.17891,1.0895,0.06482,0.60649
"863",2012,5,"CP",48,2425.44456,0.65818,0.06693,0.07855
"864",2012,5,"CP",48.1,594.73316,0.00631,0,0.0014
"865",2012,5,"M",41.9,58.15404,0,0,0.00166
"866",2012,5,"M",42.2,66.29528,0,0.00057,0
"867",2012,5,"M",42.3,180.262,0,0,0.01971
"868",2012,5,"M",42.5,8.02243,0,0,0
"869",2012,5,"M",42.6,202.56934,0.00371,0.07519,0.22611
"870",2012,5,"M",42.7,108.76736,0,0.03197,0.01814
"871",2012,5,"M",42.8,477.99764,0.00614,0.09643,0.04532
"872",2012,5,"M",42.9,55.75347,0,0.00444,0.0013
"873",2012,5,"M",47,103.56692,0,0,0.32295
"874",2012,5,"M",47.1,38.226,0,0,0.00158
"875",2012,5,"M",47.4,35.1619,0,0,0.01081
"876",2012,5,"M",47.5,332.00023,0.00598,0.00875,0.07594
"877",2012,5,"M",47.6,405.88019,0.00173,0.04312,0.03311
"878",2012,5,"M",47.7,460.4962537947,0.00184,0.04533,0.0679318783
"879",2012,5,"M",47.8,1284.97803,0.03312,0.01239,0.57778
"880",2012,5,"M",47.9,555.78998,0.0225,0.21041,0.1141
"881",2012,5,"M",48,28.56869,0,0.00203,0
"882",2012,6,"M",42.8,257.397,0.02179,0.05272,0.01483
"883",2012,6,"M",43,8.80754,0,0.00034,0
"884",2012,6,"M",43.1,60.66372,0,0,0
"885",2012,6,"M",44.4,167.37734,0,0.00052,0.03297
"886",2012,6,"M",47,105.77221,0,0,0.03191
"887",2012,6,"M",47.3,700.89933,0,0,0.16318
"888",2012,6,"M",47.4,1151.02564,0.02233,0,0.20393
"889",2012,6,"M",47.5,163.39656,0,0,0.03351
"890",2012,7,"M",43.6,76.71533,0,0,0
"891",2012,7,"M",43.7,39.95869,0,0,0
"892",2012,7,"M",43.8,28.5469,0,0,0
"893",2012,7,"M",44,3.76364,0,0,0
"894",2012,7,"M",44.1,62.71519,0,0,0
"895",2012,7,"M",44.2,5.62452,0,0,0
"896",2012,7,"M",46.8,2.99638,0,0,0
"897",2012,7,"M",46.9,48.93408,0.00076,0,0.00608
"898",2012,7,"M",47,26.44692,0,0,0.00377
"899",2012,7,"M",47.1,17.34904,0,0,0
"900",2012,7,"M",47.3,30.68941,0,0,0
"901",2012,7,"M",47.4,8.74515,0,0,0
"902",2012,7,"M",47.5,52.55108,0.0015,0.00387,0.00567
"903",2012,7,"M",47.6,81.80904,0.00796,0,0
"904",2012,7,"M",47.7,35.68033,0,0.0017,0
"905",2012,7,"M",47.8,70.36273,0,0,0.00586
"906",2012,7,"M",47.9,37.84616,0.33052,0,0.00116
"907",2012,8,"CP",43.2,862.35754,0,0.00473,0.00362
"908",2012,8,"CP",43.3,114.15175,0,0,0.00299
"909",2012,8,"CP",44.4,29.243,0,0,0
"910",2012,8,"CP",44.5,57.91562,0,0,5.4029
"911",2012,8,"CP",44.9,24.54225,0,0,0.02053
"912",2012,8,"CP",45,104.11621,0,0,0.00253
"913",2012,8,"CP",45.1,90.46626,0,0.0014,0
"914",2012,8,"CP",45.7,40.48737,0,0,0
"915",2012,8,"CP",45.8,194.70038,0,0,0.00298
"916",2012,8,"CP",45.9,455.4922,0.01507,0.00561,0.02337
"917",2012,8,"CP",46,18.08861,0.00107,0,0
"918",2012,8,"CP",46.2,26.66712,0,0,0
"919",2012,8,"CP",46.3,49.27182,0,0,1.73941
"920",2012,8,"CP",46.6,23.02395,0,0,0.00246
"921",2012,8,"CP",47.3,21.06792,0,0,0.02841
"922",2012,8,"CP",47.8,0.01722,0,0,0
"923",2012,8,"CP",47.9,747.761,0.10901,0.00965,0.05357
"924",2012,8,"CP",48,1115.42345,0.11876,0.03033,0.06551
"925",2012,8,"M",44.1,6.6395,0,0,0
"926",2012,8,"M",44.2,27.90821,0,0,0
"927",2012,8,"M",44.4,5.73488,0,0,0
"928",2012,8,"M",47.3,200.7417756331,0.0114217178,0,0.0237386113
"929",2012,8,"M",47.4,500.6271937078,0.03147,0.00175,0.0649407865
"930",2012,8,"M",47.6,12.13131,0.00156,0,0
"931",2012,8,"M",47.8,615.8548,0.10769,0.06576,0.13785
"932",2012,8,"M",47.9,852.77276,0.52983,0.01701,0.16601
"933",2012,9,"CP",42.3,193.55457,0.00349,0.01597,0
"934",2012,9,"CP",42.4,396.0257,0,0,0
"935",2012,9,"CP",42.5,816.90132,0.00188,0.01193,0.01988
"936",2012,9,"CP",42.6,921.94542,0,0,0.00599
"937",2012,9,"CP",42.7,3102.51793,0,0,0.07419
"938",2012,9,"CP",42.8,1491.14322,0,0,0.02804
"939",2012,9,"CP",42.9,2510.79186,0.00251,0.00405,0.0712
"940",2012,9,"CP",43,1490.76924,0.00529,0.01011,0.09183
"941",2012,9,"CP",43.1,1585.60125,0.19873,0.30447,0.01345
"942",2012,9,"CP",43.2,1352.18774,0,0.01513,0.0076
"943",2012,9,"CP",43.3,549.83978,0,0,0
"944",2012,9,"CP",43.4,51.27907,0,0,0
"945",2012,9,"CP",43.5,63.75882,0,0,0
"946",2012,9,"CP",44.7,62.62486,0,0,0
"947",2012,9,"CP",44.8,50.62126,0,0,0.18568
"948",2012,9,"CP",44.9,737.79399,0,0.00303,0.05314
"949",2012,9,"CP",45,51.64363,0,0,0.01282
"950",2012,9,"CP",45.1,23.06219,0,0,0
"951",2012,9,"CP",45.3,15.38535,0,0,0
"952",2012,9,"CP",45.5,2.49508,0,0,0
"953",2012,9,"CP",45.8,76.22648,0,0.00429,0.08832
"954",2012,9,"CP",45.9,26.48679,0,0,0.01206
"955",2012,9,"CP",46,0,0,0,0
"956",2012,9,"CP",46.1,90.75574,0,0.00399,0
"957",2012,9,"CP",46.2,18.33833,0,0.00125,0
"958",2012,9,"CP",46.3,186.2295,0,0.0065,0
"959",2012,9,"CP",46.4,9.13383,0,0,0
"960",2012,9,"CP",46.6,1.38412,0,0,0
"961",2012,9,"CP",47.2,12.92391,0,0,0
"962",2012,9,"CP",47.3,218.86155,0.01954,0.00282,0.01881
"963",2012,9,"CP",47.4,167.8416,0.00965,0.00243,0.07809
"964",2012,9,"CP",47.7,2.48641,0,0,0
"965",2012,9,"CP",47.8,70.79123,0.00215,0,0
"966",2012,9,"CP",47.9,215.07694,0.0011,0.00213,0
"967",2012,9,"CP",48,134.06449,0,0,0.00605
"968",2012,9,"CP",48.1,0.25336,0,0,0
"969",2012,9,"M",41.9,17.57742,0,0,0.00272
"970",2012,9,"M",42.6,93.14607,0,0,0.00672
"971",2012,9,"M",42.7,275.33680499,0,0,0.0396071536
"972",2012,9,"M",42.8,407.72634,0,0.00152,0.07328
"973",2012,9,"M",42.9,500.9711628871,0.00611,0,0.12184
"974",2012,9,"M",43,671.1046311461,0.00112,0.00242,0.04207
"975",2012,9,"M",43.1,313.0082833025,0,0,0
"976",2012,9,"M",43.2,726.87118,0.00134,0,0.01259
"977",2012,9,"M",43.3,330.7293645137,0,0.00172,0.00493
"978",2012,9,"M",43.6,20.0575,0,0,0
"979",2012,9,"M",43.7,4.56128,0,0,0
"980",2012,9,"M",44.3,22.29704,0,0.00515,0.17405
"981",2012,9,"M",44.4,22.82538,0,0.00168,0.5592
"982",2012,9,"M",44.5,61.27224,0,0,2.03322
"983",2012,9,"M",44.6,214.0478,0.00105,0.00093,0.23927
"984",2012,9,"M",44.7,437.15253,0.00379,0.005,0.86664
"985",2012,9,"M",44.8,800.82849,0,0.01352,0.14732
"986",2012,9,"M",44.9,900.30345,0,0.00456,0.27657
"987",2012,9,"M",45.3,36.74198,0,0,0.02982
"988",2012,9,"M",45.4,24.78384,0,0,0
"989",2012,9,"M",45.5,42.05101,0,0,0.03596
"990",2012,9,"M",45.7,10.37418,0,0,0
"991",2012,9,"M",45.8,94.477735818,0.00154,0.00159,0.0656509454
"992",2012,9,"M",45.9,39.0806602145,0,0,0.0212261025
"993",2012,10,"CP",42.8,65.30129,0,0,0
"994",2012,10,"CP",42.9,144.04638,0,0.00269,0.02483
"995",2012,10,"CP",43,785.46929,0.00834,0.00585,0.05467
"996",2012,10,"CP",43.1,415.69755,0.04893,0.03094,0.0169
"997",2012,10,"CP",43.2,238.41949,0,0.00327,0.00145
"998",2012,10,"CP",43.3,25.53792,0,0,0
"999",2012,10,"CP",43.8,86.88724,0,0,0.003
"1000",2012,10,"CP",43.9,1049.36622,0.00116,0.00633,0.43697
"1001",2012,10,"CP",44,449.26855,0.00082,0,0.52939
"1002",2012,10,"CP",44.1,416.20262,0.00035,0.00077,3.46395
"1003",2012,10,"CP",44.2,1081.2956147042,0.00256,0.00763,0.8640591368
"1004",2012,10,"CP",44.3,2777.7158623895,0.00911,0.00636,5.1652807991
"1005",2012,10,"CP",44.4,1640.91886,0.0018,0.01404,2.11343
"1006",2012,10,"CP",44.5,790.91822,0,0,5.03906
"1007",2012,10,"CP",44.6,526.8298,0.00116,0,4.75166
"1008",2012,10,"CP",44.7,572.21316,0,0.00226,0.54101
"1009",2012,10,"CP",44.8,793.51561,0,0.00181,0.88566
"1010",2012,10,"CP",44.9,2377.41266,0.01357,0.00755,5.04283
"1011",2012,10,"CP",45.6,8.94616,0,0,0
"1012",2012,10,"M",42.8,142.27632,0,0,0.00371
"1013",2012,10,"M",43,84.354,0.00208,0,0.00426
"1014",2012,10,"M",43.1,341.75078,0,0,0.00267
"1015",2012,10,"M",43.2,1491.49577,0.00465,0.00312,0.07436
"1016",2012,10,"M",43.3,4733.89019,0.00429,0.00068,0.33642
"1017",2012,10,"M",43.4,2711.44583,0.00042,0.00372,0.21711
"1018",2012,10,"M",43.5,1006.73297,0,0,0.08138
"1019",2012,10,"M",43.6,643.8668424794,0,0,0.0640405453
"1020",2012,10,"M",43.7,1758.69047,0,0.0904,0.31997
"1021",2012,10,"M",43.8,1454.35064,0,0.28923,0.60735
"1022",2012,10,"M",44.3,3142.854067825,0.1391,0.053743428,6.4780922052
"1023",2012,10,"M",44.4,1413.71345,0.02004,0.02538,1.59313
"1024",2012,10,"M",44.5,275.64728,0,0,0.86817
"1025",2012,10,"M",44.7,483.17827,0.0199,0.00676,2.33936
"1026",2012,10,"M",44.8,356.13356,0.00324,0.00402,0.54459
"1027",2012,10,"M",44.9,537.14859,0.0031,0,1.4814
"1028",2012,10,"M",45,146.19027,0,0,0.09718
"1029",2012,10,"M",45.1,76.74822,0,0,0.47949
"1030",2012,10,"M",45.7,62.57134,0,0,0.02239
"1031",2012,10,"M",45.8,397.60622,0.00277,0.04074,0.23382
"1032",2012,10,"M",45.9,316.7111117236,0.0039474274,0.02021,14.1998466348
"1033",2012,11,"M",43.3,140.287,0,0,0
"1034",2012,11,"M",43.4,611.0119835059,0,0,0.00453
"1035",2012,11,"M",43.5,214.46448,0,0,0.00244
"1036",2013,5,"CP",42.7,270.5566,0,0.00823,0.01727
"1037",2013,5,"CP",42.8,1014.40298,0.00109,0.04026,0.03553
"1038",2013,5,"CP",42.9,1717.78961,0.00626,0.08046,0.09742
"1039",2013,5,"CP",43,2754.75118,0.04746,0.12097,0.1153
"1040",2013,5,"CP",43.1,4651.64246,0.06843,0.05036,0.14553
"1041",2013,5,"CP",43.2,5256.67299,0.077,0.03634,0.03269
"1042",2013,5,"CP",43.3,1605.75153,0.00173,0.00151,0.00354
"1043",2013,5,"CP",45.3,15.51451,0,0,0
"1044",2013,5,"CP",45.4,0.81483,0,0,0.00185
"1045",2013,5,"CP",46,9.49099,0.00327,0,0
"1046",2013,5,"CP",46.4,2.28828,0,0,0
"1047",2013,5,"CP",46.6,107.29828,0,0,0
"1048",2013,5,"CP",46.7,950.50803,0.01034,0.00151,3.54188
"1049",2013,5,"CP",46.8,947.16812,0.05887,0.00569,1.31179
"1050",2013,5,"CP",46.9,219.66309,1.53507,0.10098,1.52924
"1051",2013,5,"CP",47,59.20528,1.28985,0.01494,0.16619
"1052",2013,5,"CP",47.2,0.1364,0.02618,0,0.59346
"1053",2013,5,"CP",47.4,308.98102,0,0,0.10688
"1054",2013,5,"CP",47.5,434.00321,0.60363,0.12581,0.12527
"1055",2013,5,"CP",47.6,182.14406,0.00325,0.01822,0.01904
"1056",2013,5,"CP",47.7,297.60829,0.00075,0,0.16643
"1057",2013,5,"CP",47.8,950.97822,0.02222,0.00794,0.16491
"1058",2013,5,"CP",47.9,2319.95557,0.04531,0.02226,1.45936
"1059",2013,5,"CP",48,311.52052,0.00695,0.0079,0.03591
"1060",2013,5,"M",46.5,692.71215,0.15108,0,0.11389
"1061",2013,5,"M",46.6,65.1202,0,0.0292,0.00932
"1062",2013,5,"M",46.7,287.47482,0,0,0.03128
"1063",2013,5,"M",46.8,317.81797,0.02418,0.00222,0.17009
"1064",2013,5,"M",46.9,114.4345366354,0.0022409725,0.0026196846,0.0225094627
"1065",2013,5,"M",47.1,9.41035,0.00289,0.00068,0.00456
"1066",2013,5,"M",47.4,1070.95302,0.02786,0.0018,0.1723
"1067",2013,5,"M",47.5,750.21885,0.00544,0.0123,0.1424
"1068",2013,5,"M",47.6,1059.83356,0.30624,0.71501,0.37782
"1069",2013,5,"M",47.7,516.69798,0.12154,0.10956,0.11919
"1070",2013,5,"M",47.8,1021.6809604995,0.13851,0.0814891243,0.1030113516
"1071",2013,5,"M",47.9,503.11101,0.12486,0.02908,0.37208
"1072",2013,6,"CP",43,88.72296,0.00054,0,0.00322
"1073",2013,6,"CP",43.1,843.4313,0.01488,0.044,0.0026
"1074",2013,6,"CP",43.2,2013.97392,0.06815,0.28201,0.00434
"1075",2013,6,"CP",43.3,558.97015,0.00061,0.0107,0.00606
"1076",2013,6,"CP",43.4,181.54589,0,0.00168,0.01338
"1077",2013,6,"M",42.5,433.09878,0,0.26477,0.00992
"1078",2013,6,"M",42.6,36.08828,0.00879,0.01381,0.00931
"1079",2013,6,"M",42.7,71.95593,0,0.00308,0.00473
"1080",2013,6,"M",42.8,1344.00764,0.02891,1.16207,0.12213
"1081",2013,6,"M",42.9,281.24744,0,0.08532,0.04866
"1082",2013,6,"M",43,8.49205,0,0,0.00542
"1083",2013,6,"M",43.2,384.59129,0,0.0198,0.06633
"1084",2013,6,"M",43.3,737.4354,0.00088,0.03768,0.20231
"1085",2013,6,"M",43.4,1114.27139,0.00337,0.02429,0.56555
"1086",2013,6,"M",43.5,623.03166,0.00123,0.01729,0.19483
"1087",2013,6,"M",43.7,22.68874,0,0,0.00822
"1088",2013,6,"M",43.8,554.21817,0,0,0.11926
"1089",2013,6,"M",43.9,547.14456,0,0,0.04014
"1090",2013,6,"M",44,240.42445,0,0,0.02067
"1091",2013,6,"M",44.1,3.70029,0,0,0
"1092",2013,6,"M",44.2,55.06697,0,0,0.3396
"1093",2013,6,"M",46.9,91.99601,0,0.00126,0.02512
"1094",2013,6,"M",47.3,27.82179,0,0,0.09331
"1095",2013,6,"M",47.4,6.61584,0,0,0.00432
"1096",2013,6,"M",47.8,47.13929,0,0,0.40489
"1097",2013,6,"M",47.9,79.86318,0,0,0.03703
"1098",2013,7,"M",43.1,4.4544,0,0,0.00107
"1099",2013,7,"M",43.3,3.35586,0.01524,0.00382,0
"1100",2013,7,"M",43.6,138.34711,0.00074,0,0.00805
"1101",2013,7,"M",43.7,160.71145,0.00273,0,0.01913
"1102",2013,7,"M",43.8,458.56578,0.00275,0.11497,0.06422
"1103",2013,7,"M",43.9,152.44981,0,0.00046,0.00713
"1104",2013,7,"M",44,338.79144,0,0,0.00126
"1105",2013,7,"M",44.1,220.5198,0,0,0
"1106",2013,7,"M",44.2,86.84086,0,0,0.00226
"1107",2013,7,"M",44.3,278.091391902,0,0,0.3027238897
"1108",2013,7,"M",44.4,49.10974,0.00072,0,0.01032
"1109",2013,7,"M",44.5,78.76667,0,0,1.89018
"1110",2013,7,"M",44.8,32.25839,0,0,0.01201
"1111",2013,7,"M",44.9,62.67913,0,0,0.07498
"1112",2013,7,"M",45.1,39.32839,0,0,0.02333
"1113",2013,7,"M",45.2,43.83934,0,0,0.00882
"1114",2013,7,"M",45.3,93.15099,0,0.00057,0.05732
"1115",2013,7,"M",45.4,57.17545,0,0,0.08553
"1116",2013,8,"CP",43.4,389.50702,0,0,0
"1117",2013,8,"CP",43.5,663.04838,0,0,0
"1118",2013,8,"CP",43.6,780.7669,0,0,0.00181
"1119",2013,8,"CP",43.7,670.36193,0,0,0.00177
"1120",2013,8,"CP",43.8,82.01377,0,0,0
"1121",2013,8,"CP",44,51.97226,0,0,0
"1122",2013,8,"CP",44.1,68.47283,0,0,0
"1123",2013,8,"CP",44.2,76.05347,0,0,0
"1124",2013,8,"CP",44.5,111.83922,0,0,1.19998
"1125",2013,8,"CP",44.6,111.04502,0,0,0.16833
"1126",2013,8,"CP",44.7,152.28419,0,0,0.28984
"1127",2013,8,"CP",44.8,62.09704,0,0,0.90037
"1128",2013,8,"M",43.8,132.1651597973,0,0,0.0269045508
"1129",2013,8,"M",44.3,66.12363,0,0,0.13598
"1130",2013,8,"M",44.4,11.34982,0,0,0.01727
"1131",2013,8,"M",44.5,148.43869,0,0,0.14353
"1132",2013,8,"M",44.6,61.61042,0,0,0.3215
"1133",2013,8,"M",44.9,168.23721,0,0,0.49795
"1134",2013,8,"M",45,62.40538,0,0,1.30082
"1135",2013,8,"M",45.1,27.77702,0,0,0
"1136",2013,8,"M",45.2,91.22801,0,0,0.00107
"1137",2013,8,"M",45.3,222.31508,0,0,0.04831
"1138",2013,8,"M",45.4,147.0116,0,0,0.01337
"1139",2013,8,"M",46.6,71.71658,0,0,0.01862
"1140",2013,8,"M",46.7,78.17331,0,0,0
"1141",2013,8,"M",46.8,64.20223,0,0,0.008
"1142",2013,9,"CP",43,252.66939,0,0,0
"1143",2013,9,"CP",43.1,1114.96093,0,0.00434,0
"1144",2013,9,"CP",43.2,2322.55216,0.00178,0.49197,0.01447
"1145",2013,9,"CP",43.3,554.58684,0,0.00735,0.02203
"1146",2013,9,"CP",43.4,926.97834,0,0.00179,0.03252
"1147",2013,9,"CP",43.5,1689.44377,0.00736,0.0142,0.16461
"1148",2013,9,"CP",43.6,2858.59765,0.00381,0,0.04033
"1149",2013,9,"CP",43.7,1565.97578,0.00612,0,0.00822
"1150",2013,9,"CP",43.8,147.81746,0.00106,0,0
"1151",2013,9,"CP",44,16.89833,0,0,0
"1152",2013,9,"CP",44.1,182.1016,0,0,0.01184
"1153",2013,9,"CP",44.2,367.29443,0,0,0.14667
"1154",2013,9,"CP",44.3,1726.6080310557,0,0,0.1350330196
"1155",2013,9,"CP",44.4,200.50651,0,0,0.06406
"1156",2013,9,"CP",45.3,0,0,0,0
"1157",2013,9,"CP",45.5,145.72483,0,0,0.01343
"1158",2013,9,"CP",45.6,316.50734,0,0,0.01558
"1159",2013,9,"CP",45.7,117.43869,0,0,0.26755
"1160",2013,9,"CP",45.8,54.99173,0,0,0
"1161",2013,9,"M",43.4,396.95295,0,0.00241,0.01425
"1162",2013,9,"M",43.5,793.01315,0,0,0.01824
"1163",2013,9,"M",43.6,622.04885,0,0.00462,0.00964
"1164",2013,9,"M",43.7,1839.31122,0.00211,0.00069,0.03946
"1165",2013,9,"M",43.8,501.47391,0.00159,0.00341,0.02387
"1166",2013,9,"M",44.8,79.61589,0.00566,0.02149,0
"1167",2013,9,"M",45,1025.53465,0,0.00291,0.17401
"1168",2013,9,"M",45.1,997.93544,0,0,0.13394
"1169",2013,9,"M",45.2,629.74289,0.0084,0.13283,0.05011
"1170",2013,9,"M",45.3,462.30694,0,0,0.05721
"1171",2013,9,"M",45.4,681.93868,0,0,0.05792
"1172",2013,9,"M",45.5,1365.40646,0.00156,0.41989,0.07715
"1173",2013,9,"M",45.6,277.51272,0,0,0.01298
"1174",2013,9,"M",48.1,39.29163,0,0,0.00123
"1175",2013,9,"M",48.2,35.88437,0,0,0.00525
"1176",2013,10,"CP",43,374.90255,0.00394,0.01074,0.00189
"1177",2013,10,"CP",43.1,1170.58695,0.00207,0,0
"1178",2013,10,"CP",43.2,2451.7193463836,0.02859,0.0488634139,0.0078696602
"1179",2013,10,"CP",43.3,213.25293,0,0,0
"1180",2013,10,"CP",43.5,11.46651,0,0,0
"1181",2013,10,"CP",43.7,27.08747,0.00107,0.00186,0
"1182",2013,10,"CP",43.9,47.23529,0,0,0.00668
"1183",2013,10,"CP",44.1,152.6096,0,0,0
"1184",2013,10,"CP",44.2,1305.18601,0,0.00207,0.01373
"1185",2013,10,"CP",44.3,1137.92382,0,0,0.02345
"1186",2013,10,"CP",44.4,642.79966,0,0,0
"1187",2013,10,"CP",44.5,2210.84069,0,0,0.39954
"1188",2013,10,"CP",44.6,1243.0575,0,0,0
"1189",2013,10,"CP",44.7,569.73959,0,0,0
"1190",2013,10,"CP",44.8,357.77474,0,0,0.01116
"1191",2013,10,"CP",44.9,2843.96846,0,0.00124,1.62409
"1192",2013,10,"CP",45,590.29558,0,0,0.01138
"1193",2013,10,"CP",45.1,579.31583,0,0,0.00891
"1194",2013,10,"CP",45.2,571.8152,0,0,0
"1195",2013,10,"CP",45.3,683.04254,0.01286,0,0
"1196",2013,10,"CP",45.4,1551.65171,0.00607,0,0.02066
"1197",2013,10,"CP",45.5,1475.86972,0,0,0.02863
"1198",2013,10,"CP",45.6,363.59378,0,0,0.01206
"1199",2013,10,"CP",45.7,15.85687,0,0,0
"1200",2013,10,"CP",46.1,17.39226,0.00351,0,0
"1201",2013,10,"CP",47.3,0,0,0,0
"1202",2013,10,"M",42.2,0.9062267172,3.15049e-05,0.0002997102,0.0002211801
"1203",2013,10,"M",43.3,12.28096,0,0,0
"1204",2013,10,"M",43.6,47.35855,0,0,0
"1205",2013,10,"M",44.2,431.31536,0,0,0
"1206",2013,10,"M",44.3,3108.6362042256,0,0.0067836497,0.0374634462
"1207",2013,10,"M",44.4,501.58575,0,0,0.08197
"1208",2013,10,"M",44.5,991.2524,0,0,1.86565
"1209",2013,10,"M",44.6,1536.3212,0.00533,0.00318,0.00152
"1210",2013,10,"M",44.7,1903.92073,0.01065,0.00171,0.15477
"1211",2013,10,"M",44.8,3051.69718,0.00417,0.00253,0.76777
"1212",2013,10,"M",44.9,1578.16646,0.00735,0,0.11063
"1213",2013,10,"M",45,949.3358,0,0,0.0298
"1214",2013,10,"M",45.1,250.59421,0,0,0.0137
"1215",2013,10,"M",45.2,295.68721,0,0,0.03323
"1216",2013,10,"M",45.3,1163.14288,0,0,0.10537
"1217",2013,10,"M",45.4,2611.04316,0.00227,0.02493,0.67371
"1218",2013,10,"M",45.5,1605.30675,0.01164,0.11545,0.55776
"1219",2013,10,"M",45.6,177.52303,0,0.00841,0.02615
"1220",2013,10,"M",45.7,38.59797,0.00074,0.00504,0.00934
"1221",2013,10,"M",46,127.68091,0,0.00439,0.04072
"1222",2013,11,"CP",42,368.54657,0.00153,0.01522,0
"1223",2013,11,"CP",42.1,798.89084,0.00354,0.01021,0
"1224",2013,11,"CP",42.2,736.04371,0.00173,0.06536,0.00217
"1225",2013,11,"CP",42.3,842.80768,0.00079,0.00615,0.01701
"1226",2013,11,"CP",42.4,673.80945,0.0111,0.03662,0.02018
"1227",2013,11,"CP",42.5,916.79813,0.05353,0.09535,0.01027
"1228",2013,11,"CP",42.6,291.83522,0.00383,0.01571,0.00131
"1229",2013,11,"CP",42.7,2.55084,0.00116,0,0
"1230",2013,11,"CP",42.9,38.04003,0,0,0
"1231",2013,11,"CP",43,571.06165,0.0988,0.04951,0.00435
"1232",2013,11,"CP",43.1,1162.6122,0.05913,0.10741,0.00175
"1233",2013,11,"CP",43.2,1338.87804,0.01157,0.05697,0
"1234",2013,11,"CP",43.3,748.75334,0,0.00963,0.03223
"1235",2013,11,"CP",43.4,553.77559,0,0.00459,0.03171
"1236",2013,11,"CP",43.5,218.41286,0.00338,0.00222,0.00492
"1237",2013,11,"CP",43.6,70.43451,0.00249,0,0.00204
"1238",2013,11,"CP",43.7,1.07462,0,0,7e-04
"1239",2013,11,"CP",43.8,0,0,0,0
"1240",2013,11,"CP",43.9,0.28615,0,0,0.00356
"1241",2013,11,"CP",44,0.78067,0,0,0
"1242",2013,11,"CP",44.2,290.52693,0.00173,0.00276,0.05938
"1243",2013,11,"CP",44.3,430.1392,0.00545,0.01017,0.10284
"1244",2013,11,"CP",44.4,36.43496,0,0,0
"1245",2013,11,"CP",44.5,4.11645,0,0,0
"1246",2013,11,"CP",44.6,5.42016,0,0,0.00103
"1247",2013,11,"CP",45,14.18758,0,0,0.00154
"1248",2013,11,"CP",45.1,37.46537,0,0,0
"1249",2013,11,"CP",45.3,0,0,0,0
"1250",2013,11,"CP",45.9,2.36153,0,0.00374,0.00072
"1251",2013,11,"CP",46,9.80247,0,0,0.00107
"1252",2013,11,"CP",46.2,355.74834,0.001,0.00252,0.00337
"1253",2013,11,"CP",46.3,407.1233694928,0.0011872188,0.0032112584,0.0038692893
"1254",2013,11,"CP",46.4,215.09255,0.00384,0,0.00973
"1255",2013,11,"CP",46.5,265.52512,0.01477,0.01136,0.0023
"1256",2013,11,"CP",46.6,18.2285,0,0,0
"1257",2013,11,"CP",46.8,0.93237,0,0.00064,0
"1258",2013,11,"CP",47.5,0,0,0,0
"1259",2013,11,"CP",47.6,42.48109,0.00923,0.00146,0
"1260",2013,11,"CP",47.9,12.98357,0.00071,0,0.00139
"1261",2013,11,"M",42,329.76153,0,0,0.05625
"1262",2013,11,"M",42.1,261.62297,0,0.01285,0.0282
"1263",2013,11,"M",42.2,425.85713,0,0.02785,0.11119
"1264",2013,11,"M",42.8,187.41163,0,0,0.02734
"1265",2013,11,"M",42.9,734.31976,0.00349,0.01113,0.14981
"1266",2013,11,"M",43,506.10968,0.04248,0.57269,0.00844
"1267",2013,11,"M",43.1,570.38334,0.04828,0.0364,0.0109
"1268",2013,11,"M",43.2,257.80915,0.00235,0,0.02498
"1269",2013,11,"M",43.3,930.02014,0.00138,0.04319,0.37143
"1270",2013,11,"M",43.4,445.23457,0,0.00208,0.22872
"1271",2013,11,"M",43.5,62.79598,0,0.00369,0
"1272",2013,11,"M",43.6,25.29081,0,0.00168,0
"1273",2013,11,"M",44.3,809.72097,0.00515,0.02465,0.28788
"1274",2014,5,"CP",42,625.62095,0,0.00173,0.0029
"1275",2014,5,"CP",42.1,351.90723,0,0.00122,0.00213
"1276",2014,5,"CP",42.2,272.47882,0,0.00642,0
"1277",2014,5,"CP",42.3,4419.79682,0.0028,0.02127,0.06195
"1278",2014,5,"CP",42.4,3366.63953,0.00641,0.04008,0.03766
"1279",2014,5,"CP",42.5,925.05656,0.01029,0.04882,0.00992
"1280",2014,5,"CP",42.6,710.04093,0.04963,0.15135,0.00467
"1281",2014,5,"CP",42.7,2680.441,0.01718,0.17568,0.02321
"1282",2014,5,"CP",42.8,4311.30107,0.01221,0.72204,0.11121
"1283",2014,5,"CP",42.9,5639.06782,0.01652,0.48561,0.25404
"1284",2014,5,"CP",43,5322.84888,0.02145,0.30081,0.14685
"1285",2014,5,"CP",43.1,2039.84973,0.00686,0.09091,0.05939
"1286",2014,5,"CP",43.2,408.52137,0.00318,0.01142,0.00649
"1287",2014,5,"CP",43.3,56.44378,0,0,0
"1288",2014,5,"CP",43.6,5.96436,0,0,0.00082
"1289",2014,5,"CP",43.9,29.73767,0,0.00142,0.00803
"1290",2014,5,"CP",44,19.40788,0,0,0.00179
"1291",2014,5,"CP",44.3,32.91704,0,0,0.13626
"1292",2014,5,"CP",44.9,0.86367,0,0,0
"1293",2014,5,"CP",45.4,96.49687,0,0,0.19297
"1294",2014,5,"CP",45.5,46.34237,0.00492,0,0.34434
"1295",2014,5,"M",41.7,67.4268,0,0,0
"1296",2014,5,"M",41.8,193.18124,0,0.00131,0.0051
"1297",2014,5,"M",41.9,2346.35491,0,0.01305,0.10647
"1298",2014,5,"M",42,2646.09828,0.00705,0.01915,0.05244
"1299",2014,5,"M",42.1,3372.06308,0.00135,0.07167,0.05218
"1300",2014,5,"M",42.2,321.13353,0,0.03473,0.00386
"1301",2014,5,"M",42.3,125.49711,0,0.01759,0
"1302",2014,5,"M",43.1,75.74143,0,0.03424,0.00363
"1303",2014,5,"M",43.4,50.13807,0,0,0
"1304",2014,5,"M",43.5,63.69739,0,0.00099,0.01239
"1305",2014,5,"M",43.6,154.74728,0.00133,0.00323,0.01221
"1306",2014,5,"M",43.8,129.64573,0,0.0347,0.03008
"1307",2014,5,"M",44.3,264.93668,0.00115,0.02946,0.09585
"1308",2014,5,"M",44.8,7.71801,0,0,0.00815
"1309",2014,5,"M",45.2,15.706656952,3.80154e-05,7.171e-07,0.1527433995
"1310",2014,5,"M",45.4,897.66697,0,0.04146,6.94463
"1311",2014,5,"M",45.5,24.25936,0,0,0.13985
"1312",2014,5,"M",45.8,800.83858,0.01256,0.07631,4.50914
"1313",2014,5,"M",45.9,1030.92322,0.01191,0.0604,4.78886
"1314",2014,5,"M",46.5,1489.2794,0.05425,0,4.35166
"1315",2014,5,"M",46.6,887.96625,0.09477,0.14954,2.58134
"1316",2014,5,"M",46.7,1207.81465,0.01122,0.09528,5.76406
"1317",2014,5,"M",46.8,40.13177,0.00467,0.00146,0.01161
"1318",2014,5,"M",46.9,33.25544,0.00608,0,0.03256
"1319",2014,5,"M",47,231.4502333906,2.5264324541,0.03374,0.2317227741
"1320",2014,5,"M",47.1,419.8861852158,0.00502,0,0.275492204
"1321",2014,5,"M",47.2,50.04208,0.00108,0,0.09886
"1322",2014,5,"M",47.4,22.98567,0,0,0.4854
"1323",2014,5,"M",47.8,67.5155,0,0,0.10512
"1324",2014,5,"M",47.9,379.07055,0.03328,0,0.19986
"1325",2014,6,"CP",42,983.87032,0,0.01156,0.01155
"1326",2014,6,"CP",42.1,899.06737,0.00267,0.00501,0
"1327",2014,6,"CP",42.2,311.82437,0,0.00395,0
"1328",2014,6,"CP",42.3,35.67859,0.00082,0,0
"1329",2014,6,"CP",42.4,12.54701,0,0,0
"1330",2014,6,"CP",42.5,21.54752,4e-04,0.02505,0
"1331",2014,6,"CP",42.6,35.01767,0.00138,0.00158,0.0015
"1332",2014,6,"CP",43,17.28988,0,0,0
"1333",2014,6,"CP",43.2,173.66438,0.00038,0.01197,0
"1334",2014,6,"CP",43.3,784.85668,0.00473,0.03836,0
"1335",2014,6,"CP",43.4,329.93458,0.00861,0.0197,0.00657
"1336",2014,6,"CP",43.5,256.39156,0.00707,0.05775,0.00432
"1337",2014,6,"CP",43.6,26.45104,0,0.00222,0
"1338",2014,6,"CP",44.9,14.20212,0,0,0
"1339",2014,6,"CP",45.8,4.16991,0,0,0
"1340",2014,6,"M",41.4,260.82283,0,0.03484,0.01302
"1341",2014,6,"M",41.5,47.83896,0,0,0
"1342",2014,6,"M",41.6,90.9029748496,0,0.001007059,1.29299e-05
"1343",2014,6,"M",41.7,1721.26709,0.00285,0.01441,0.01513
"1344",2014,6,"M",41.8,1644.04563,0,0.02281,0.01862
"1345",2014,6,"M",41.9,997.65097,0,0.00171,0.00361
"1346",2014,6,"M",42,822.19302,0,0,0.00261
"1347",2014,6,"M",43.6,80.2083436622,0,0,0.0058502962
"1348",2014,8,"CP",44.5,2644.93581,0.00444,0.00713,4.91445
"1349",2014,8,"CP",44.6,316.59783,0,0,0.6664
"1350",2014,8,"CP",44.8,380.5828,0,0.2413,0.34754
"1351",2014,8,"CP",44.9,111.56113,0,0,0.06015
"1352",2014,8,"CP",45.2,51.99028,0,0,0.34562
"1353",2014,8,"CP",45.3,232.50873,0,0,0.02886
"1354",2014,8,"CP",45.4,489.94631,0,0.00159,0.25915
"1355",2014,8,"CP",45.5,339.90745,0,0,0.00942
"1356",2014,8,"CP",47.9,28.41093,0,0,0.00288
"1357",2014,8,"M",44.9,45.82494,0,0,0.02886
"1358",2014,8,"M",45.8,109.77248,0,0,0.08538
"1359",2014,9,"CP",43.5,147.7291,0,0,0
"1360",2014,9,"CP",43.6,776.6144,0,0,0.00295
"1361",2014,9,"CP",43.7,2518.673,0,0,0.0065
"1362",2014,9,"CP",43.8,658.30588,0,0,0.046
"1363",2014,9,"CP",43.9,3257.63972,0,0.00257,1.01067
"1364",2014,9,"CP",44,3978.0973698851,0,0.00161,2.0522952997
"1365",2014,9,"CP",44.1,609.99201,0,0.00243,0.02126
"1366",2014,9,"CP",44.2,1052.96929,0.00255,0,0.41154
"1367",2014,9,"CP",44.3,1506.81832,0,0.00152,0.84149
"1368",2014,9,"CP",44.4,2144.75492,0,0.01924,0.37416
"1369",2014,9,"CP",44.5,4984.06618,0.00305,0.03436,3.06637
"1370",2014,9,"CP",44.6,3155.39267,0,0.0013,0.03605
"1371",2014,9,"CP",44.7,2222.27805,0,0,0.01124
"1372",2014,9,"CP",44.8,648.34871,0,0,0.00575
"1373",2014,9,"CP",44.9,298.5435,0,0,0.01377
"1374",2014,9,"CP",45,20.03178,0,0,0
"1375",2014,9,"CP",45.1,114.08901,0,0,0.03548
"1376",2014,9,"CP",45.2,154.87682,0,0,0.00527
"1377",2014,9,"CP",45.3,60.00418,0,0,0.0103
"1378",2014,9,"CP",45.4,2.19694,0,0,0
"1379",2014,9,"CP",46,8.63389,0,0,0
"1380",2014,9,"CP",46.8,0,0,0,0
"1381",2014,9,"M",43.2,590.54732,0,0.01068,0.10365
"1382",2014,9,"M",43.3,32.66542,0,0,0.00344
"1383",2014,9,"M",43.4,44.99713,0,0,0
"1384",2014,9,"M",43.5,143.99496,0,0,0.04403
"1385",2014,9,"M",43.6,831.268,0,0.00717,0.14224
"1386",2014,9,"M",43.7,2112.27767,0.00044,0.04828,0.1633
"1387",2014,9,"M",43.8,2462.6122351003,0.0008338773,0.3319814637,0.4487652889
"1388",2014,9,"M",43.9,32.55369,0,0,0.03981
"1389",2014,9,"M",44.3,62.58904,0,0,0.08221
"1390",2014,9,"M",44.4,297.88765,0.0012,0.00263,1.80325
"1391",2014,9,"M",44.5,543.29247,0.00105,0.00609,0.98405
"1392",2014,9,"M",44.6,306.47124,0,0.00741,0.41482
"1393",2014,9,"M",44.7,124.52421,0,0,0.01107
"1394",2014,9,"M",44.8,9.5974,0,0,0
"1395",2014,9,"M",45.3,1.72518,0,0,0
"1396",2014,9,"M",45.5,359.50234,0.00187,0.03216,0.13306
"1397",2014,9,"M",45.6,241.98961,0,0.2968,0.26891
"1398",2014,9,"M",45.8,0.9223298491,0.0001972821,4.24662e-05,0.0013357079
"1399",2014,9,"M",46,1.123172769,2.1988e-06,0,0.0001960857
"1400",2014,9,"M",46.5,671.46817,0.03943,0.08139,0.34466
"1401",2014,9,"M",46.6,624.22275,0.00866,0.03725,1.30637
"1402",2014,9,"M",46.7,266.846,0.00272,0,0.1067
"1403",2014,9,"M",46.9,31.62724,0,0,0.03614
"1404",2014,9,"M",47.1,93.6707,0.02718,0,0.05685
"1405",2014,9,"M",47.3,88.68196,0.01108,0,0.01129
"1406",2014,9,"M",47.4,291.31085,0.09223,0.01184,0.10814
"1407",2014,9,"M",47.5,51.75043,0.00299,0.00161,0.00492
"1408",2014,9,"M",47.6,31.11578,0,0,0.00153
"1409",2014,9,"M",47.9,898.98133,0.19826,0,1.22927
"1410",2014,10,"CP",42,174.72355,0,0,0
"1411",2014,10,"CP",42.1,1827.89454,0,0,0
"1412",2014,10,"CP",42.2,1681.57458,0,0,0
"1413",2014,10,"CP",42.3,1777.81047,0,0,0
"1414",2014,10,"CP",42.4,1801.37713,0,0,0
"1415",2014,10,"CP",42.5,729.129,0,0,0
"1416",2014,10,"CP",42.6,809.9245,0,0,0
"1417",2014,10,"CP",42.7,708.72996,0,0,0
"1418",2014,10,"CP",42.8,3029.24952,0,0,0
"1419",2014,10,"CP",42.9,2759.1273,0.004,0.0015,0
"1420",2014,10,"CP",43,1539.58142,0,0,0
"1421",2014,10,"CP",43.1,1299.76746,0,0,0
"1422",2014,10,"CP",43.2,2508.7324,0.00138,0.00242,0.01138
"1423",2014,10,"CP",43.3,1889.042,0,0,0.01422
"1424",2014,10,"CP",43.4,701.35017,0,0,0.00887
"1425",2014,10,"CP",43.5,472.99194,0.00101,0,0
"1426",2014,10,"CP",43.6,1551.1188,0.00181,0.00661,0.00985
"1427",2014,10,"CP",43.7,2715.22627,0.02916,0.19061,0.13973
"1428",2014,10,"CP",43.8,1808.04239,0.02397,0.13492,0.15985
"1429",2014,10,"CP",44,0.8884,0,0,0
"1430",2014,10,"CP",44.2,0,0,0,0
"1431",2014,10,"CP",44.6,25.86629,0,0,0.19138
"1432",2014,10,"CP",44.9,1.47715,0,0,0
"1433",2014,10,"CP",47.6,0.25142,0,0,0
"1434",2014,10,"M",42,233.4566769401,0,0.0012312588,0
"1435",2014,10,"M",42.1,511.55412,0,0,0
"1436",2014,10,"M",42.2,839.74476,0,0.00172,0
"1437",2014,10,"M",42.3,1280.78472,0,0,0
"1438",2014,10,"M",42.4,1806.78474,0.00157,0.0032,0
"1439",2014,10,"M",42.5,430.95285,0,0,0
"1440",2014,10,"M",42.6,126.63875,0,0,0
"1441",2014,10,"M",42.7,69.82281,0,0.00201,0.00253
"1442",2014,10,"M",42.8,62.39789,0,0,0
"1443",2014,10,"M",42.9,78.80627,0,0,0
"1444",2014,10,"M",43,930.51577,0.00821,0.01118,0.02926
"1445",2014,10,"M",43.1,5030.5952688537,0.2363810453,1.5552605183,0.0316011651
"1446",2014,10,"M",43.2,4976.5223079972,0.02829,3.8035126489,0.00809
"1447",2014,10,"M",43.3,167.9564106165,2.13708e-05,8.96234e-05,5.80855e-05
"1448",2014,10,"M",43.4,0.679063432,3.5859e-06,0.0001972279,3.8327e-06
"1449",2014,10,"M",43.6,281.69433,0,0,0
"1450",2014,10,"M",43.7,816.83549,0,0,0
"1451",2014,10,"M",44.9,0.4484410507,0,0,0
"1452",2014,10,"M",45,158.87359,0.00691,0.00339,0.06994
"1453",2014,10,"M",45.1,479.74837,0.00117,0.00327,0.0504
"1454",2014,10,"M",45.2,228.66818,0,0.00163,0.02013
"1455",2014,10,"M",46.6,28.0087,0,0.04666,0.02825
"1456",2014,11,"CP",42,1088.80533,0,0,0
"1457",2014,11,"CP",42.1,717.06376,0,0,0
"1458",2014,11,"CP",42.2,449.17408,0.002,0,0
"1459",2014,11,"CP",42.6,93.26285,0,0,0
"1460",2014,11,"CP",42.7,694.87605,0.00095,0.02261,0
"1461",2014,11,"CP",42.8,396.99767,0.03486,0.38604,0
"1462",2014,11,"CP",42.9,382.31677,0.00345,0.04592,0
"1463",2014,11,"CP",43,456.35111,0.01058,0.0143,0
"1464",2014,11,"CP",43.1,584.83064,0.01812,0.05354,0
"1465",2014,11,"CP",43.2,243.00162,0,0,0
"1466",2014,11,"CP",43.3,77.76796,0,0,0
"1467",2014,11,"CP",43.6,20.28035,0,0,0
"1468",2014,11,"M",42,226.30619,0,0,0
"1469",2014,11,"M",42.1,263.5523156006,9.51436e-05,3.99259e-05,0
"1470",2014,11,"M",42.2,264.27879,0,0,0
"1471",2014,11,"M",42.3,928.92014,0,0,0
"1472",2014,11,"M",42.4,834.9305,0,0,0
"1473",2014,11,"M",42.5,551.56432,0.0011,0,0
"1474",2014,11,"M",42.6,116.32935,0,0,0
"1475",2014,11,"M",42.7,273.48962,0,0.00704,0
"1476",2014,11,"M",42.8,986.44052,0.13373,0.0713,0
"1477",2014,11,"M",42.9,70.34813,0,0,0
"1478",2014,11,"M",43,329.82242,0,0.02047,0.00527
"1479",2014,11,"M",43.1,852.12383,0.00597,0.00502,0.00192
"1480",2014,11,"M",44.1,537.90497,0.00302,0.01433,0
"1481",2014,11,"M",44.2,849.45862,0.00306,0.00837,0.0184
"1482",2014,11,"M",44.3,799.89951,0,0,0
"1483",2014,11,"M",44.4,318.80203,0,0,0.00234
"1484",2014,11,"M",44.5,138.21708,0,0,0
"1485",2014,11,"M",44.6,40.49887,0,0,0
"1486",2014,11,"M",46.5,21.0512,0,0,0
"1487",2014,11,"M",46.6,608.89159,0.00419,0,0.27831
"1488",2014,11,"M",46.7,58.36354,0,0,0
"1489",2015,5,"CP",42,10380.1608,0,0.01092,0.01566
"1490",2015,5,"CP",42.1,17825.42552,0.00301,0.05337,0.01313
"1491",2015,5,"CP",42.2,3096.88361,0.0044,0.06638,0.02208
"1492",2015,5,"CP",42.3,1161.52018,0.00333,0.1517,0
"1493",2015,5,"CP",42.4,893.47372,0.00304,0.00768,0.01031
"1494",2015,5,"CP",42.5,149.4582,0,0,0.00074
"1495",2015,5,"CP",42.6,76.02619,0,0,0
"1496",2015,5,"CP",42.7,11.63657,0,0,0
"1497",2015,5,"CP",43.2,4.22188,0,0.00085,0
"1498",2015,5,"CP",44.9,0.38875,0,0,0
"1499",2015,5,"M",43.2,58.92206,0,0,0.00211
"1500",2015,5,"M",43.3,149.31308,0,0.01172,0.0049
"1501",2015,5,"M",43.4,2718.77506,0.01282,0.07287,0.06932
"1502",2015,5,"M",43.5,461.14058,0,0.01166,0.1962
"1503",2015,5,"M",43.7,326.16348,0.00278,0.03187,0.2409
"1504",2015,5,"M",43.8,606.34227,0.00163,0.09021,0.54214
"1505",2015,5,"M",43.9,41.97204,0,0.02835,0.02976
"1506",2015,5,"M",44.1,72.5648,0,0.00844,0.10272
"1507",2015,5,"M",44.2,386.98874,0.00779,0.07556,2.92844
"1508",2015,5,"M",44.3,1824.82877,0.00165,0.15294,3.25985
"1509",2015,5,"M",44.4,324.78215,0.0026,0.01339,0.05442
"1510",2015,5,"M",44.8,0.34267,0,0,0.00209
"1511",2015,5,"M",44.9,0.0794546652,2.259e-06,2.7524e-06,3.37352e-05
"1512",2015,5,"M",45.8,1.1381,0.00624,0.00416,0.0027
"1513",2015,5,"M",45.9,0.42432,0,0,0.00449
"1514",2015,5,"M",46,0,0,0,0
"1515",2015,5,"M",46.6,51.11018,0,0,0.02139
"1516",2015,5,"M",46.7,1227.6005191064,0.0463897883,0.0422189721,0.9122697742
"1517",2015,5,"M",46.8,317.39827,0.00317,0.01311,0.5716
"1518",2015,5,"M",46.9,38.53988,0.00092,0,0.06277
"1519",2015,5,"M",47,36.21856,0,0,0.00169
"1520",2015,5,"M",47.2,42.56607,0,0,0.00925
"1521",2015,5,"M",47.3,60.2543404317,0.0053205951,0.0058020375,0.0292884361
"1522",2015,5,"M",47.4,3.04655,0,0,0.00076
"1523",2015,5,"M",47.5,46.42156,0,0,0.00311
"1524",2015,5,"M",47.6,597.26352,0,0.00159,0.38315
"1525",2015,5,"M",47.7,436.45044,0.07591,0.08782,0.18092
"1526",2015,5,"M",47.8,2589.89918,0.34477,0.01069,0.85431
"1527",2015,5,"M",47.9,3126.17018,0.53972,0.02388,0.87695
"1528",2015,6,"CP",42,1158.72124,0,0,0
"1529",2015,6,"CP",42.1,707.72486,0,0,0
"1530",2015,6,"CP",42.2,1242.12606,7e-04,0.22747,0.02905
"1531",2015,6,"CP",42.3,233.21159,0,0.02614,0.00936
"1532",2015,6,"CP",42.4,75.36583,0,0,0
"1533",2015,6,"CP",42.6,437.27326,0,0,0
"1534",2015,6,"CP",42.7,285.30432,0,0,0
"1535",2015,6,"CP",42.8,380.48842,0.00191,0.00656,0.00136
"1536",2015,6,"CP",42.9,650.81908,0.00483,0.02426,0.00853
"1537",2015,6,"CP",43,381.88193,0,0.003,0
"1538",2015,6,"CP",43.1,8.16774,0,0,0
"1539",2015,6,"CP",43.2,383.00041,0.01077,0,0.00151
"1540",2015,6,"CP",43.3,795.93036,0.00484,0.00445,0.00957
"1541",2015,6,"CP",43.4,1241.07735,0.00711,0.00833,0.02225
"1542",2015,6,"CP",43.5,429.62534,0,0,0
"1543",2015,6,"CP",43.6,178.88603,0,0,0
"1544",2015,6,"CP",43.7,16.56706,0,0,0
"1545",2015,6,"CP",43.9,86.84141,0,0,0.00152
"1546",2015,6,"CP",44,192.46098,0,0,0.02145
"1547",2015,6,"CP",44.1,29.53113,0,0,0.01466
"1548",2015,6,"CP",45.7,1.79704,0,0,0
"1549",2015,6,"M",41.9,132.93415,0,0.00125,0
"1550",2015,6,"M",42,169.24717,0,0.00196,0
"1551",2015,6,"M",42.1,533.45827,0.00435,0.10172,0.00359
"1552",2015,6,"M",42.2,1207.54716,0,0.00211,0.03717
"1553",2015,6,"M",42.3,980.45548,0,0.02461,0.05053
"1554",2015,6,"M",42.4,226.03969,0,0.13966,0.0199
"1555",2015,6,"M",42.7,92.86392,0,0,0
"1556",2015,6,"M",42.8,372.64238,0,0.00234,0.01105
"1557",2015,6,"M",42.9,532.28253,0,0.01423,0.01356
"1558",2015,6,"M",43,49.26018,0,0.00102,0.00816
"1559",2015,6,"M",43.1,21.6877,0,0,0
"1560",2015,6,"M",43.3,804.81809,0.03646,0.69143,0.14485
"1561",2015,6,"M",43.4,1684.68652,0.01427,0.27908,0.95471
"1562",2015,6,"M",43.5,1419.31703,0.0011,0.0193,0.0368
"1563",2015,6,"M",43.6,242.11388,0,0,0
"1564",2015,6,"M",43.8,124.94861,0,0.00454,0.0653
"1565",2015,6,"M",44.1,67.23655,0,4e-04,0.01618
"1566",2015,6,"M",44.2,33.868,0,0,0.00373
"1567",2015,6,"M",44.3,189.44178,0.00201,0.03496,3.58902
"1568",2015,6,"M",44.8,28.61948,0.00058,0.00054,0.081
"1569",2015,6,"M",44.9,24.95207,0,0.00084,0.24143
"1570",2015,9,"CP",42,0.92387,0,0,0
"1571",2015,9,"CP",42.1,0,0,0,0
"1572",2015,9,"CP",42.2,2.98863,0,7e-04,0
"1573",2015,9,"CP",42.4,53.95841,0,0.00702,0.00831
"1574",2015,9,"CP",42.6,1.40409,0,0,0
"1575",2015,9,"CP",42.7,32.32005,0,0,0
"1576",2015,9,"CP",42.9,109.14032,0,0,0.04843
"1577",2015,9,"CP",43,566.01216,0.70043,2.61939,0.00489
"1578",2015,9,"CP",43.1,1506.12374,0.513,1.25837,0.01371
"1579",2015,9,"CP",43.2,1828.88117,0.20405,0.21053,0.00806
"1580",2015,9,"CP",43.3,1223.96601,0.01841,0.00438,0
"1581",2015,9,"CP",43.4,547.76034,0,0,0
"1582",2015,9,"CP",43.5,251.85871,0.00061,0,0
"1583",2015,9,"CP",43.6,226.37721,0.00254,0,0
"1584",2015,9,"CP",43.7,198.82829,0.00134,0,0.00115
"1585",2015,9,"CP",44.1,16.36762,0,0.00164,0
"1586",2015,9,"CP",44.3,60.53134,0,0,0.09891
"1587",2015,9,"CP",44.4,95.40273,0,0,0.10165
"1588",2015,9,"CP",44.5,2.30131,0,0,0.08652
"1589",2015,9,"CP",44.6,4.72127,0,0,0.0177
"1590",2015,9,"CP",44.7,33.98391,0,0,0.0411
"1591",2015,9,"CP",44.9,23.51882,0,0,0.01171
"1592",2015,9,"CP",45,172.7522,0.00117,0,0.02043
"1593",2015,9,"CP",45.1,205.92021,0.0037,0.00431,7.62602
"1594",2015,9,"CP",45.6,3.72388,0,0,0.00513
"1595",2015,9,"CP",45.8,9.42809,0.03605,0.00277,0
"1596",2015,9,"CP",46.6,114.93429,0.00231,0.0051,0.0091
"1597",2015,9,"CP",47.8,51.98882,0.00054,0,0
"1598",2015,9,"CP",47.9,11.41676,0,0,0
"1599",2015,9,"M",42,0.1584711279,2.0235e-06,0,0
"1600",2015,9,"M",42.4,0.13281,0,0,0
"1601",2015,9,"M",42.9,30.16033,0,0,0
"1602",2015,9,"M",43,68.29115,0.00133,0,0
"1603",2015,9,"M",43.1,485.39088,0.03275,0.02412,0
"1604",2015,9,"M",43.2,1194.8472,0.07287,0.02735,0.0037
"1605",2015,9,"M",43.3,230.03156,0.02566,0.01467,0
"1606",2015,9,"M",43.4,44.11379,0.00307,0.00161,0
"1607",2015,9,"M",43.5,23.36131,0.00072,0,0
"1608",2015,9,"M",43.7,41.35753,0,0.00253,0
"1609",2015,9,"M",43.8,0.4411,0,0,0
"1610",2015,9,"M",44.3,9.7584,0,0,0.00795
"1611",2015,9,"M",44.5,0.60615,0,0,0.01969
"1612",2015,9,"M",44.7,63.27375,0,0,0.07579
"1613",2015,9,"M",44.8,352.96536,0.00058,0.00118,0.32013
"1614",2015,9,"M",44.9,105.93451,0,0.00093,0.04375
"1615",2015,9,"M",45,13.6057569023,1.81031e-05,1.01644e-05,0
"1616",2015,9,"M",45.1,0.37423,0,0,0
"1617",2015,9,"M",45.2,1.15557,0.00043,0,0.00149
"1618",2015,9,"M",45.4,2.09882,0.00126,0,0
"1619",2015,9,"M",46.3,57.2418,0.00742,0.00333,0.00489
"1620",2015,9,"M",46.5,0,0,0,0
"1621",2015,9,"M",47,0.00448,0,0,0
"1622",2015,9,"M",47.8,5.35588,0,0,0
"1623",2015,9,"M",47.9,15.21192,0,0,0
"1624",2015,10,"CP",42,93.00561,0,0,0.00127
"1625",2015,10,"CP",42.1,49.7537,0,0,0
"1626",2015,10,"CP",42.2,96.47736,0,0,0
"1627",2015,10,"CP",42.3,150.39125,0,0,0
"1628",2015,10,"CP",42.4,118.8122,0,0.35626,0
"1629",2015,10,"CP",42.5,102.4748,0.00123,0.00218,0
"1630",2015,10,"CP",42.6,71.66199,0,0,0
"1631",2015,10,"CP",42.7,130.10201,0,0,0
"1632",2015,10,"CP",42.8,82.64298,0,0,0
"1633",2015,10,"CP",42.9,230.9188025687,0.0001152617,0.0027320496,0.00294
"1634",2015,10,"CP",43,57.91451,0.00044,0.00231,0
"1635",2015,10,"CP",43.2,107.50807,0.00158,6e-04,0.00276
"1636",2015,10,"CP",43.3,25.88349,0,0,0
"1637",2015,10,"CP",43.4,80.15052,0.00099,0.00132,0.00353
"1638",2015,10,"CP",43.5,0.62886,0,0,0
"1639",2015,10,"CP",43.6,0.87177,0,0,0
"1640",2015,10,"CP",43.9,12.48935,0.00047,0.00069,0.00404
"1641",2015,10,"CP",44,80.80289,0.00392,0.00245,0.00286
"1642",2015,10,"CP",44.1,44.72754,0,0,0
"1643",2015,10,"CP",44.2,43.06428,0.00393,0,0.38112
"1644",2015,10,"CP",44.3,69.84587,0.00116,0.00172,0.00678
"1645",2015,10,"CP",44.4,128.88086,0.05673,0.02836,0.28235
"1646",2015,10,"CP",44.5,89.01056,0,0,0.02992
"1647",2015,10,"CP",44.6,35.77599,0,0.00255,0.07019
"1648",2015,10,"CP",44.7,160.17863,0.04516,0.0326,0.06812
"1649",2015,10,"CP",44.8,298.03955,0.01843,0.038,0.26401
"1650",2015,10,"CP",44.9,762.77305,0.0486,0.06008,5.0167
"1651",2015,10,"CP",45,1997.4829,0.0271,0.03665,1.33664
"1652",2015,10,"CP",45.1,1682.94434,0.02297,0.04764,0.3109
"1653",2015,10,"CP",45.2,866.22913,0.01113,0.00285,0.08935
"1654",2015,10,"CP",45.3,362.02531,0,0.04799,0.00756
"1655",2015,10,"CP",45.4,605.75724,0.01849,0.01129,0.42964
"1656",2015,10,"CP",45.5,635.50606,0.01657,0.00171,0
"1657",2015,10,"CP",45.6,587.59918,0.00522,0.00107,0.0138
"1658",2015,10,"CP",45.7,323.90462,0.11453,0.002,0.00452
"1659",2015,10,"CP",45.8,100.33208,0,0,0
"1660",2015,10,"CP",45.9,105.53387,0,0,0
"1661",2015,10,"CP",46,29.13823,0,0,0
"1662",2015,10,"CP",46.1,80.39028,0,0,0
"1663",2015,10,"CP",46.2,227.83436,0,0,0
"1664",2015,10,"CP",46.3,148.75402,0,0,0
"1665",2015,10,"CP",46.4,130.78395,0,0,0
"1666",2015,10,"CP",46.5,38.01864,0,0,0
"1667",2015,10,"CP",46.7,1.19643,0,0,0
"1668",2015,10,"CP",46.8,1.45647,0,0,0
"1669",2015,10,"CP",47,42.65059,0.00214,0,0
"1670",2015,10,"CP",47.1,3.45301,0,0,0
"1671",2015,10,"CP",47.2,59.10588,0.00203,0,0.01281
"1672",2015,10,"CP",47.3,224.14912,0.0059,0.00135,0.03185
"1673",2015,10,"CP",47.4,120.15302,0.00565,0,0.00306
"1674",2015,10,"CP",47.5,59.79673,0,0,0
"1675",2015,10,"CP",47.6,49.07143,0.00228,0.00172,0
"1676",2015,10,"CP",47.8,90.66511,0.00784,0,0.00482
"1677",2015,10,"CP",47.9,42.91404,0.0038,0.00263,0
"1678",2015,10,"CP",48,178.27842,0.02133,0.01056,0
"1679",2015,10,"M",42.2,0,0,0,0
"1680",2015,10,"M",43.1,39.25957,0.47168,0.27121,0.00118
"1681",2015,10,"M",43.2,0.83411,0.00042,0,0
"1682",2015,10,"M",43.8,1.22966,0.00072,0,0.00985
"1683",2015,10,"M",43.9,6.92481,0,0,0.00177
"1684",2015,10,"M",44.7,53.35203,0,0,0.018
"1685",2015,10,"M",44.8,19.01844,0,0,0
"1686",2015,10,"M",44.9,6.82574,0,0,0.00803
"1687",2015,10,"M",45,39.00496,0.00573,0.00406,0.02763
"1688",2015,10,"M",45.1,54.45746,0,0,0.0099
"1689",2015,10,"M",45.2,202.04232,0.02395,0.01746,0.03242
"1690",2015,10,"M",45.6,6.80772,0.00353,0.00173,0.00135
"1691",2015,11,"CP",42.1,10.41424,0,0,0
"1692",2015,11,"CP",42.2,86.20677,0,0,0
"1693",2015,11,"CP",42.3,58.89166,0,0,0
"1694",2015,11,"CP",42.4,47.57506,0.00042,7e-04,0
"1695",2015,11,"CP",42.6,48.423495344,0,0,0.0012825774
"1696",2015,11,"CP",42.7,97.23684,0.01004,0,0.00227
"1697",2015,11,"CP",42.8,21.92457,0,0,0
"1698",2015,11,"CP",42.9,15.14858,0,0,0
"1699",2015,11,"CP",43.1,4.62337,0,0,0
"1700",2015,11,"CP",43.2,4.54978,0,0,0
"1701",2015,11,"CP",43.3,0.96698,0,0,0
"1702",2015,11,"CP",43.8,16.77084,0.0016,0.00108,0
"1703",2015,11,"CP",44,21.93973,0.0016,0.00084,0
"1704",2015,11,"CP",44.1,33.97868,0.00278,0,0.00324
"1705",2015,11,"CP",44.2,229.63199,0,0.00165,0.06036
"1706",2015,11,"CP",44.3,342.96014,0.00373,0.00138,0.09337
"1707",2015,11,"CP",44.4,193.10386,0.00335,0.00134,0.0375
"1708",2015,11,"CP",44.5,44.12575,0.00379,0.00162,0.02164
"1709",2015,11,"CP",44.6,139.12483,0,0,0
"1710",2015,11,"CP",44.7,61.85693,0,0,0.02422
"1711",2015,11,"CP",44.8,475.74529,0.05524,0.05499,0.00391
"1712",2015,11,"CP",44.9,999.65663,0.00583,0.04889,0.06153
"1713",2015,11,"CP",45,824.31286,0.00759,0.00611,0.01046
"1714",2015,11,"CP",45.1,882.4087,0,0,0.28484
"1715",2015,11,"CP",45.2,372.3459712163,0.006369852,0.0119372676,0.0109206785
"1716",2015,11,"CP",45.3,59.7776039782,0.0003634673,0,0.0014159537
"1717",2015,11,"CP",45.4,32.7072,0,0,0.00686
"1718",2015,11,"CP",45.5,32.51207,0.00113,0,0.00097
"1719",2015,11,"CP",45.6,65.51787,0.0021,0,0.00522
"1720",2015,11,"CP",45.7,24.48317,0,0,0
"1721",2015,11,"CP",45.8,139.2097,0,0,0
"1722",2015,11,"CP",45.9,19.89757,0,0,0
"1723",2015,11,"CP",46,233.63032,0.00452,0,0.00223
"1724",2015,11,"CP",46.1,189.81106,0.01614,0,0.00824
"1725",2015,11,"CP",46.2,126.83628,0,0,0
"1726",2015,11,"CP",46.3,80.14869,0,0,0
"1727",2015,11,"CP",46.4,225.86892,0,0,0
"1728",2015,11,"CP",46.5,29.38954,0,0,0
"1729",2015,11,"CP",46.7,10.20137,0,0,0.00071
"1730",2015,11,"CP",46.8,6.04653,0.00072,0,0.00055
"1731",2015,11,"CP",46.9,24.67951,0,0,0
"1732",2015,11,"CP",47,7.69336,0,0,0
"1733",2015,11,"CP",47.1,6.38989,0,0,0
"1734",2015,11,"CP",47.4,0,0,0,0
"1735",2015,11,"CP",47.6,6.84861,0.01444,0,0.00844
"1736",2015,11,"CP",47.7,22.23966,0.00882,0,0.00434
"1737",2015,11,"CP",47.8,20.73532,0,0,0.06244
"1738",2015,11,"CP",47.9,48.6026,0.05632,0.0106,0.0154
"1739",2015,11,"CP",48,232.87279,4.7738,0.01411,0.03474
"1740",2015,11,"CP",48.1,10.38337,0.00423,0.00022,0
"1741",2016,5,"CP",42,0,0,0,0
"1742",2016,5,"CP",42.2,403.40444,0,0.00063,0
"1743",2016,5,"CP",42.3,752.85253,0,6e-04,0
"1744",2016,5,"CP",42.4,1730.20651,0.0018,0.06642,0.00596
"1745",2016,5,"CP",42.5,4013.56897,0.00489,0.0892,0.01618
"1746",2016,5,"CP",42.6,8148.53073,0.01411,0.23666,0.05328
"1747",2016,5,"CP",42.7,7536.34096,0.00159,0.10229,0.0159
"1748",2016,5,"CP",42.8,6550.28061,0.00208,0.10965,0.01577
"1749",2016,5,"CP",42.9,1799.76541,0.00068,0.07735,0.00519
"1750",2016,5,"CP",43,137.80542,0,0.01784,0.00576
"1751",2016,5,"CP",43.1,592.998,0.00189,0.12227,0.00114
"1752",2016,5,"CP",43.2,1698.0067,0.0021,0.28103,0.00648
"1753",2016,5,"CP",43.3,227.20096,0,0.04461,0
"1754",2016,5,"CP",43.6,36.44546,0,0,0
"1755",2016,5,"CP",43.7,0,0,0,0
"1756",2016,5,"CP",43.8,25.97432,0,0,0
"1757",2016,5,"CP",43.9,53.90562,0,6e-04,0.02161
"1758",2016,5,"CP",44.3,111.92743,0,0.00105,9.76403
"1759",2016,5,"CP",44.4,38.78109,0,0,0.00296
"1760",2016,5,"M",42.1,13.28189,0,0,0
"1761",2016,5,"M",42.5,68.75133,0,0,0.0133
"1762",2016,5,"M",42.6,130.02668,0,0.00074,0
"1763",2016,5,"M",42.7,643.64707,0,0.00291,0
"1764",2016,5,"M",42.8,1319.29304,0,0.00767,0.02071
"1765",2016,5,"M",42.9,109.45907,0,0.00373,0.00086
"1766",2016,5,"M",43.3,0.74126,0,0,0
"1767",2016,5,"M",43.4,2.52011,0,0,0
"1768",2016,5,"M",43.5,29.69142,0,0.00041,0.00288
"1769",2016,5,"M",44,5.3622,0,0,0.00198
"1770",2016,5,"M",44.2,1295.37127,0.00864,0.02184,21.48369
"1771",2016,5,"M",44.3,3705.75191,0.02335,0.04671,7.76587
"1772",2016,5,"M",44.4,152.21028,0,0,0.01523
"1773",2016,5,"M",44.8,0.99279,0,0,0
"1774",2016,5,"M",44.9,2.24641,0,0,0.00072
"1775",2016,5,"M",45,17.26801,0,0,0
"1776",2016,5,"M",45.3,0.11352,0,0,0
"1777",2016,5,"M",45.4,22.80105,0,0,0
"1778",2016,5,"M",45.8,2.72083,0,0,0
"1779",2016,5,"M",46.2,8.09399,0,0,0.00109
"1780",2016,5,"M",46.4,48.37366,0.00239,0,0.00393
"1781",2016,5,"M",46.5,22.51863,0,0,0.0016
"1782",2016,5,"M",46.6,1029.34545,0.04207,0.01328,3.34998
"1783",2016,5,"M",46.7,2070.45237,0.18786,0.09135,1.5456
"1784",2016,5,"M",46.8,799.02288,0.24594,0.02037,1.82659
"1785",2016,5,"M",47.3,93.00309,0.00226,0.00135,0.02164
"1786",2016,5,"M",47.4,165.66909,0.00205,0.00316,0.00516
"1787",2016,5,"M",47.5,816.02676,0.95724,0.00782,0.16322
"1788",2016,5,"M",47.6,934.04833,0.26185,0.03843,0.453
"1789",2016,5,"M",47.7,200.1545,0.18916,0.024,0.00924
"1790",2016,5,"M",47.8,37.34687,0.09501,0,0.00376
"1791",2016,5,"M",47.9,15.42111,0.00098,0,0.00152
"1792",2016,6,"CP",42.3,45.52968,0.00151,0.00454,0.00247
"1793",2016,6,"CP",42.4,26.59179,0,0,0
"1794",2016,6,"CP",42.5,204.0145,0,0,0
"1795",2016,6,"CP",42.6,630.20023,0,0,0
"1796",2016,6,"CP",42.7,1621.18919,0,0,0.0016
"1797",2016,6,"CP",42.8,1480.87294,0,0.00103,0.00305
"1798",2016,6,"CP",42.9,645.39297,0,0.00152,0.00201
"1799",2016,6,"CP",43,836.09156,0.00248,0.0086,0.01552
"1800",2016,6,"CP",43.1,726.40737,0.0014,0.00433,0.00122
"1801",2016,6,"CP",43.2,182.12291,0,0.00643,0
"1802",2016,6,"CP",43.5,35.11866,0,0,0
"1803",2016,6,"CP",43.6,43.50277,0,0,0
"1804",2016,6,"CP",43.7,23.09988,0,0,0
"1805",2016,6,"CP",44.5,6.4242,0,0,0
"1806",2016,6,"CP",44.9,0.32581,0,0,0
"1807",2016,6,"CP",45.2,2.06827,0,0,0
"1808",2016,6,"CP",47.4,166.70709,0.00503,0,0.04305
"1809",2016,6,"CP",47.5,2038.15627,0.17496,0.02344,0.28864
"1810",2016,6,"CP",47.6,1675.5675,0.16702,0.0371,0.30146
"1811",2016,6,"CP",47.7,673.30511,0.00464,0.00164,0.11617
"1812",2016,6,"CP",47.8,1223.41048,0.00462,0.00633,0.61792
"1813",2016,6,"CP",47.9,875.4316,0.00536,0.00204,0.24106
"1814",2016,6,"CP",48,262.00697,0.01074,0,0.04689
"1815",2016,6,"CP",48.1,135.2389,0,0,0.02434
"1816",2016,6,"M",42.5,16.78518,0,0,0
"1817",2016,6,"M",42.6,56.86062,0,0,0
"1818",2016,6,"M",42.7,219.37764,0,0,0
"1819",2016,6,"M",42.8,486.17661,0,0,0
"1820",2016,6,"M",42.9,515.50067,0,0,0
"1821",2016,6,"M",43,39.87881,0,0,0
"1822",2016,6,"M",44.1,21.10678,0,0,0.13054
"1823",2016,6,"M",44.2,1.0087,0,0,0
"1824",2016,6,"M",44.3,44.87991,0,0.00084,0.00263
"1825",2016,6,"M",45.5,0.03498,0,0,0
"1826",2016,6,"M",47.3,289.91042,1.97007,0.04214,0.44271
"1827",2016,6,"M",47.4,361.57621,0.01117,0.19324,15.25695
"1828",2016,6,"M",47.5,2710.34925,0.28507,0.01169,1.85886
"1829",2016,6,"M",47.6,2082.98601,0.09843,0.01514,0.81086
"1830",2016,6,"M",47.7,780.06124,0.09127,0.00861,0.13032
"1831",2016,6,"M",47.8,4059.64157,0.47565,0.08016,2.24622
"1832",2016,6,"M",47.9,1891.99426,0.06818,0,0.14924
"1833",2016,7,"M",42.2,280.73522,0,0,0
"1834",2016,7,"M",42.3,1213.14466,0,0,0
"1835",2016,7,"M",42.4,420.4269,0,0,0
"1836",2016,7,"M",42.5,456.88237,0,0,0
"1837",2016,7,"M",42.6,505.50244,0,0,0
"1838",2016,7,"M",42.7,1461.86112,0,0,0.00184
"1839",2016,7,"M",42.8,968.85884,0,0,0
"1840",2016,7,"M",42.9,585.84527,0,0,0
"1841",2016,7,"M",43,272.06102,0,0,0
"1842",2016,8,"M",41.9,0.37198,0,0,0
"1843",2016,8,"M",42,109.2161,0,0.00294,0.01569
"1844",2016,8,"M",42.1,202.92947,0,0.00066,0
"1845",2016,8,"M",42.2,267.11375,0,0,0
"1846",2016,8,"M",42.3,400.88661,0,0,0
"1847",2016,8,"M",42.4,352.59444,0,0.00242,0
"1848",2016,8,"M",42.5,46.29532,0,0,0
"1849",2016,8,"M",42.7,156.41079,0,0,0
"1850",2016,8,"M",42.9,37.20951,0,0,0
"1851",2016,8,"M",43,83.46666,0,0,0
"1852",2016,8,"M",43.1,372.70828,0,0,0
"1853",2016,8,"M",43.2,717.21765,0,0,0
"1854",2016,8,"M",43.3,33.91293,0,0,0
"1855",2016,8,"M",44.3,0.92988,0,0,0.00496
"1856",2016,8,"M",44.9,30.8761,0,0,0.1036
"1857",2016,8,"M",45.1,3.18408,0,0,0.01204
"1858",2016,8,"M",46,15.14988,0,0,0.01362
"1859",2016,8,"M",46.2,3.11157,0,0,0
"1860",2016,8,"M",47.1,59.96146,0,0,0.0119
"1861",2016,8,"M",47.2,280.2724,0.15352,0,0.13781
"1862",2016,8,"M",47.3,441.7839,0,0,1.4091
"1863",2016,8,"M",47.4,570.16239,0.00483,0,0.26678
"1864",2016,8,"M",47.5,34.10001,0,0,0
"1865",2016,8,"M",47.6,261.29571,0.00117,0.00404,0.13477
"1866",2016,8,"M",47.7,407.62561,0.00567,0,0.28423
"1867",2016,8,"M",47.8,296.25866,0.0018,0,0.14018
"1868",2016,8,"M",47.9,42.4395,0.00108,0,0.01407
"1869",2016,9,"CP",42.5,105.42481,0,0,0.00103
"1870",2016,9,"CP",42.9,7.30005,0,0,0
"1871",2016,9,"CP",43,13.30173,0,0,0
"1872",2016,9,"CP",43.1,37.91036,0,0,0
"1873",2016,9,"CP",44,97.96072,0.00231,0,0.02591
"1874",2016,9,"CP",44.1,1119.92511,0.02024,0.06366,3.94485
"1875",2016,9,"CP",44.2,4749.23753,0.07203,0.06387,9.37072
"1876",2016,9,"CP",44.3,7017.6654881117,0.4989178797,0.4016807038,46.1472299533
"1877",2016,9,"CP",44.4,6070.1957,0.77704,0.45521,12.22059
"1878",2016,9,"CP",44.5,262.63589,0.01707,0.00197,0.45855
"1879",2016,9,"CP",44.6,29.6745,0,0,0
"1880",2016,9,"CP",44.9,18.82205,0,0,0
"1881",2016,9,"CP",45.1,10.04944,0,0,0
"1882",2016,9,"CP",45.7,12.28593,0,0,0.00169
"1883",2016,9,"CP",47.9,8.47014,0.00125,0,0.00112
"1884",2016,9,"CP",48.1,65.60236,0.03021,0,0.02727
"1885",2016,9,"M",41.9,53.89274,0,0,0.00434
"1886",2016,9,"M",42,1184.87494,0,0,0.01639
"1887",2016,9,"M",42.1,762.08426,0,0,0
"1888",2016,9,"M",42.2,383.64132,0,0.00396,0.00095
"1889",2016,9,"M",42.3,825.36253,0,0.00216,0.11982
"1890",2016,9,"M",42.4,578.48026,0.00608,0.00261,0.00907
"1891",2016,9,"M",42.5,44.18938,0,0,0
"1892",2016,9,"M",42.9,65.32921,0,0,0
"1893",2016,9,"M",43,826.80465,0,0.00378,0.00879
"1894",2016,9,"M",43.1,1929.04663,0.0089,0.01383,0.02164
"1895",2016,9,"M",43.2,2192.96554,0.01698,0.0214,0.08316
"1896",2016,9,"M",43.3,501.26598,0.00862,0.0022,0
"1897",2016,9,"M",43.4,386.20833,0,0.02412,0.00454
"1898",2016,9,"M",43.5,963.63627,0.0012,0.00386,0.25623
"1899",2016,9,"M",43.6,301.05468,0.00096,0.00194,0.0019
"1900",2016,9,"M",43.7,13.39004,0,0,0
"1901",2016,9,"M",44.3,116.87542,0.00511,0,0.4671
"1902",2016,9,"M",44.4,38.73103,0.00237,0.00098,0.14542
"1903",2016,9,"M",45,1.81198,0,0,0.00528
"1904",2016,9,"M",46.2,3188.79315,1.35964,0.00038,8.70783
"1905",2016,9,"M",46.3,339.93384,0.04688,0,0.02624
"1906",2016,9,"M",46.9,10.17744,0.02722,0,0
"1907",2016,10,"CP",42.2,45.90415,0,0,0
"1908",2016,10,"CP",42.3,404.71545,0,0,0
"1909",2016,10,"CP",42.4,1765.85358,0.00161,0.00263,0
"1910",2016,10,"CP",42.5,3077.64007,0.00171,7e-04,0.00499
"1911",2016,10,"CP",42.6,2237.67986,0.00058,0.00101,0.01628
"1912",2016,10,"CP",42.7,436.28921,0,0,0
"1913",2016,10,"CP",42.8,218.42809,0,0,0
"1914",2016,10,"CP",42.9,41.4577,0,0,0
"1915",2016,10,"CP",43,86.84075,0,0,0
"1916",2016,10,"CP",43.3,8.91335,0,0,0
"1917",2016,10,"CP",43.9,74.85934,0,0,0
"1918",2016,10,"CP",44,194.60573,0,0.00205,0.01062
"1919",2016,10,"CP",44.1,311.14159,0.00324,0,0.01197
"1920",2016,10,"CP",44.2,1645.97102,0.00894,0.00697,2.27642
"1921",2016,10,"CP",44.3,1768.39619,0.01423,0.00568,3.61173
"1922",2016,10,"CP",44.4,208.12446,0,0,0.4732
"1923",2016,10,"CP",44.8,362.31027,0.00822,0.01477,0.00662
"1924",2016,10,"CP",44.9,278.90869,0.0266,0.00793,0.13781
"1925",2016,10,"CP",45,360.98691,0.09621,0.00669,0.02588
"1926",2016,10,"CP",45.1,584.54048,0.00557,0.01757,0.05174
"1927",2016,10,"CP",45.2,60.7338,0.00126,0.00492,0.00198
"1928",2016,10,"CP",45.4,40.78271,0,0,0
"1929",2016,10,"CP",47.5,4.1997,0,0.0011,0
"1930",2016,10,"CP",47.8,3.56618,0,0,0
"1931",2016,10,"M",41.9,16.46354,0,0,0
"1932",2016,10,"M",42,46.28331,0,0,0
"1933",2016,10,"M",42.1,98.69732,0.00307,0,0
"1934",2016,10,"M",42.2,189.79995,0.00096,0,0.0162
"1935",2016,10,"M",42.3,688.24884,0.00301,0.00103,0.14858
"1936",2016,10,"M",42.4,368.44938,0.00265,0.00064,0.06481
"1937",2016,10,"M",42.5,1508.05189,0.00872,0.00633,0.02771
"1938",2016,10,"M",42.6,1254.60619,0.00851,0.00732,0.07083
"1939",2016,10,"M",42.7,496.12925,0.00093,0.12242,0
"1940",2016,10,"M",42.8,667.11999,0.017,0.45501,0.00194
"1941",2016,10,"M",42.9,303.51733,0.00239,0.00162,0
"1942",2016,10,"M",43,676.41628,0.0711,0.02646,0.12612
"1943",2016,10,"M",43.1,939.00936,0.08875,0.03429,0.1346
"1944",2016,10,"M",43.2,436.5759,0.14779,0.01637,0.01091
"1945",2016,10,"M",43.3,97.36407,0.00248,0.00306,0
